id,name,source,category,size
1,Dataset_1,Cloud Storage,Security,45092
2,Dataset_2,Internal,Security,11990
3,Dataset_3,Database,Performance,14878
4,Dataset_4,API,Analytics,36788
5,Dataset_5,Database,Performance,27367
6,Dataset_6,API,Analytics,28285
7,Dataset_7,API,Network,6869
8,Dataset_8,Internal,Compliance,10092
9,Dataset_9,Cloud Storage,Security,45501
10,Dataset_10,External,Network,49973
11,Dataset_11,External,Performance,16805
12,Dataset_12,External,User Activity,6790
13,Dataset_13,Internal,Infrastructure,31693
14,Dataset_14,Database,Infrastructure,41936
15,Dataset_15,API,Performance,37603
16,Dataset_16,API,Network,8978
17,Dataset_17,Cloud Storage,Performance,30459
18,Dataset_18,Internal,Performance,18824
19,Dataset_19,External,Analytics,49863
20,Dataset_20,API,Analytics,874
21,Dataset_21,Internal,Network,16799
22,Dataset_22,Internal,Security,26790
23,Dataset_23,Internal,Infrastructure,14231
24,Dataset_24,Database,Performance,48573
25,Dataset_25,External,Analytics,49189
26,Dataset_26,Cloud Storage,Security,9119
27,Dataset_27,Internal,Security,46106
28,Dataset_28,API,Performance,47870
29,Dataset_29,Internal,Compliance,21985
30,Dataset_30,Internal,Network,40732
31,Dataset_31,API,Network,10058
32,Dataset_32,Internal,Performance,29990
33,Dataset_33,Internal,Infrastructure,48975
34,Dataset_34,Cloud Storage,Performance,44133
35,Dataset_35,API,Network,31145
36,Dataset_36,Internal,Security,36599
37,Dataset_37,External,User Activity,5299
38,Dataset_38,Internal,Compliance,27034
39,Dataset_39,Internal,User Activity,8787
40,Dataset_40,Internal,Network,29553
41,Dataset_41,Database,Analytics,39377
42,Dataset_42,Database,Infrastructure,44702
43,Dataset_43,Database,Infrastructure,4700
44,Dataset_44,Database,Network,39059
45,Dataset_45,Cloud Storage,Network,36284
46,Dataset_46,API,Network,31479
47,Dataset_47,API,Security,3800
48,Dataset_48,API,Analytics,37469
49,Dataset_49,Database,Analytics,47832
50,Dataset_50,Database,Analytics,23157
51,Dataset_51,Cloud Storage,Performance,30430
52,Dataset_52,External,Performance,8723
53,Dataset_53,Cloud Storage,Compliance,27225
54,Dataset_54,API,Compliance,36744
55,Dataset_55,API,Infrastructure,26717
56,Dataset_56,Cloud Storage,Security,16681
57,Dataset_57,Database,Performance,46581
58,Dataset_58,Database,Analytics,13343
59,Dataset_59,Internal,Performance,38415
60,Dataset_60,Database,Performance,34774
61,Dataset_61,API,Network,3209
62,Dataset_62,Cloud Storage,User Activity,2259
63,Dataset_63,External,Analytics,33822
64,Dataset_64,API,Network,11458
65,Dataset_65,External,Performance,41283
66,Dataset_66,Cloud Storage,Security,39703
67,Dataset_67,API,Analytics,19186
68,Dataset_68,Internal,Infrastructure,32902
69,Dataset_69,Internal,User Activity,49111
70,Dataset_70,API,Security,14749
71,Dataset_71,Cloud Storage,Performance,46821
72,Dataset_72,API,Security,24222
73,Dataset_73,External,Compliance,45570
74,Dataset_74,External,Infrastructure,4704
75,Dataset_75,External,Compliance,38694
76,Dataset_76,Internal,Security,33397
77,Dataset_77,Internal,Analytics,34278
78,Dataset_78,Database,Security,14257
79,Dataset_79,Internal,Security,45227
80,Dataset_80,Cloud Storage,Infrastructure,25612
81,Dataset_81,Database,Infrastructure,38508
82,Dataset_82,Database,Analytics,41834
83,Dataset_83,API,Compliance,36172
84,Dataset_84,External,Network,8479
85,Dataset_85,Internal,Infrastructure,10364
86,Dataset_86,Cloud Storage,Infrastructure,45536
87,Dataset_87,Cloud Storage,Compliance,35593
88,Dataset_88,API,Security,32619
89,Dataset_89,Internal,Infrastructure,31554
90,Dataset_90,API,User Activity,37396
91,Dataset_91,Cloud Storage,Compliance,16530
92,Dataset_92,Cloud Storage,Security,21569
93,Dataset_93,API,Network,33433
94,Dataset_94,Internal,Infrastructure,39348
95,Dataset_95,Database,Infrastructure,2465
96,Dataset_96,External,Compliance,43661
97,Dataset_97,Database,Network,21955
98,Dataset_98,API,Security,39630
99,Dataset_99,Database,Compliance,30881
100,Dataset_100,External,Infrastructure,47490
101,Dataset_101,Internal,Network,18011
102,Dataset_102,Internal,Performance,4610
103,Dataset_103,External,Performance,25986
104,Dataset_104,API,Compliance,24974
105,Dataset_105,API,User Activity,14409
106,Dataset_106,External,Infrastructure,8394
107,Dataset_107,External,User Activity,42928
108,Dataset_108,API,Network,9416
109,Dataset_109,Cloud Storage,Compliance,3494
110,Dataset_110,API,Security,22943
111,Dataset_111,Internal,Performance,5321
112,Dataset_112,API,Performance,20005
113,Dataset_113,Internal,Security,30119
114,Dataset_114,Database,Performance,32580
115,Dataset_115,External,Analytics,10985
116,Dataset_116,API,Analytics,37563
117,Dataset_117,API,Infrastructure,49623
118,Dataset_118,External,Performance,32359
119,Dataset_119,External,Compliance,36370
120,Dataset_120,Internal,Security,36818
121,Dataset_121,External,Analytics,3878
122,Dataset_122,External,Network,39553
123,Dataset_123,Cloud Storage,Security,27338
124,Dataset_124,Cloud Storage,Compliance,33754
125,Dataset_125,Database,Analytics,44132
126,Dataset_126,Internal,Performance,9498
127,Dataset_127,Cloud Storage,Performance,43361
128,Dataset_128,Cloud Storage,Performance,34616
129,Dataset_129,External,Performance,29344
130,Dataset_130,API,Network,13206
131,Dataset_131,External,Performance,7777
132,Dataset_132,Database,Infrastructure,33170
133,Dataset_133,Internal,Security,4956
134,Dataset_134,External,Compliance,34367
135,Dataset_135,Cloud Storage,Compliance,40721
136,Dataset_136,Internal,Infrastructure,18775
137,Dataset_137,External,Analytics,49895
138,Dataset_138,Cloud Storage,Analytics,28930
139,Dataset_139,API,Compliance,39676
140,Dataset_140,External,Security,16030
141,Dataset_141,External,Infrastructure,39409
142,Dataset_142,API,User Activity,2151
143,Dataset_143,Internal,Security,21930
144,Dataset_144,Internal,Security,9031
145,Dataset_145,Cloud Storage,Network,36038
146,Dataset_146,Database,Compliance,26731
147,Dataset_147,External,Performance,17649
148,Dataset_148,Internal,User Activity,45605
149,Dataset_149,API,Analytics,10497
150,Dataset_150,External,Security,34156
151,Dataset_151,External,Network,13026
152,Dataset_152,External,Network,49336
153,Dataset_153,External,Security,5168
154,Dataset_154,Cloud Storage,Performance,42068
155,Dataset_155,Cloud Storage,Security,47550
156,Dataset_156,Cloud Storage,Compliance,35702
157,Dataset_157,API,Compliance,39732
158,Dataset_158,API,Security,36488
159,Dataset_159,API,Compliance,41062
160,Dataset_160,API,Infrastructure,42245
161,Dataset_161,Cloud Storage,User Activity,26149
162,Dataset_162,API,Security,45014
163,Dataset_163,Internal,Network,16737
164,Dataset_164,External,Security,44716
165,Dataset_165,Database,Network,12284
166,Dataset_166,Internal,Network,44835
167,Dataset_167,External,User Activity,5168
168,Dataset_168,Database,Infrastructure,47785
169,Dataset_169,External,Security,16187
170,Dataset_170,Cloud Storage,Analytics,468
171,Dataset_171,API,Network,22302
172,Dataset_172,API,Security,12067
173,Dataset_173,Internal,User Activity,18517
174,Dataset_174,API,Compliance,38188
175,Dataset_175,API,Compliance,13975
176,Dataset_176,API,Security,6361
177,Dataset_177,External,Infrastructure,3836
178,Dataset_178,Cloud Storage,Analytics,43410
179,Dataset_179,External,User Activity,8696
180,Dataset_180,Database,Network,7179
181,Dataset_181,External,Analytics,37432
182,Dataset_182,Cloud Storage,Network,26213
183,Dataset_183,Cloud Storage,Analytics,9462
184,Dataset_184,API,Security,603
185,Dataset_185,Internal,Security,36523
186,Dataset_186,API,User Activity,23048
187,Dataset_187,Cloud Storage,Network,6852
188,Dataset_188,API,Analytics,34973
189,Dataset_189,Cloud Storage,Network,21768
190,Dataset_190,Cloud Storage,Analytics,10851
191,Dataset_191,Cloud Storage,User Activity,47456
192,Dataset_192,Database,Performance,37001
193,Dataset_193,Database,Infrastructure,30046
194,Dataset_194,Database,Network,41096
195,Dataset_195,Cloud Storage,User Activity,44810
196,Dataset_196,External,Compliance,8547
197,Dataset_197,Cloud Storage,Network,34006
198,Dataset_198,Database,Security,49735
199,Dataset_199,Database,Compliance,7666
200,Dataset_200,External,Analytics,24876
201,Dataset_201,Internal,Infrastructure,15969
202,Dataset_202,Internal,Analytics,17831
203,Dataset_203,API,User Activity,30277
204,Dataset_204,Cloud Storage,Security,48382
205,Dataset_205,External,Compliance,49733
206,Dataset_206,Database,Network,29995
207,Dataset_207,Database,Compliance,6279
208,Dataset_208,External,Performance,27428
209,Dataset_209,External,User Activity,15661
210,Dataset_210,Internal,Network,29769
211,Dataset_211,Internal,Network,23814
212,Dataset_212,Internal,Performance,18851
213,Dataset_213,Database,User Activity,17889
214,Dataset_214,External,Performance,3353
215,Dataset_215,External,Security,26500
216,Dataset_216,API,Security,30517
217,Dataset_217,Database,Security,23670
218,Dataset_218,Cloud Storage,Analytics,33952
219,Dataset_219,Internal,Infrastructure,49714
220,Dataset_220,API,Security,26172
221,Dataset_221,API,Analytics,23473
222,Dataset_222,Cloud Storage,Security,32055
223,Dataset_223,Cloud Storage,Infrastructure,13137
224,Dataset_224,External,Infrastructure,41300
225,Dataset_225,Database,Analytics,10342
226,Dataset_226,Database,Compliance,10544
227,Dataset_227,Cloud Storage,Analytics,24390
228,Dataset_228,Database,Network,29637
229,Dataset_229,Database,Security,7487
230,Dataset_230,API,Network,35428
231,Dataset_231,Internal,Network,22992
232,Dataset_232,Database,Performance,38871
233,Dataset_233,Internal,Network,30457
234,Dataset_234,External,Network,38985
235,Dataset_235,Database,Analytics,40031
236,Dataset_236,Database,Security,44558
237,Dataset_237,Cloud Storage,User Activity,32207
238,Dataset_238,Cloud Storage,Security,16985
239,Dataset_239,API,Performance,27981
240,Dataset_240,Database,Security,1604
241,Dataset_241,Internal,Security,9673
242,Dataset_242,Internal,User Activity,1837
243,Dataset_243,Database,Infrastructure,36527
244,Dataset_244,Internal,Network,35173
245,Dataset_245,External,Network,14486
246,Dataset_246,Internal,Analytics,39395
247,Dataset_247,Database,Analytics,22425
248,Dataset_248,Cloud Storage,User Activity,33546
249,Dataset_249,Database,Analytics,46725
250,Dataset_250,Database,Network,22126
251,Dataset_251,External,Infrastructure,3128
252,Dataset_252,External,Infrastructure,33754
253,Dataset_253,Internal,Infrastructure,37095
254,Dataset_254,Database,Compliance,2890
255,Dataset_255,Database,User Activity,33576
256,Dataset_256,External,Network,49053
257,Dataset_257,API,Analytics,3072
258,Dataset_258,Cloud Storage,Security,2515
259,Dataset_259,Internal,Network,23590
260,Dataset_260,API,Network,13320
261,Dataset_261,External,Analytics,44408
262,Dataset_262,Database,Compliance,30659
263,Dataset_263,External,Compliance,14381
264,Dataset_264,API,Performance,8915
265,Dataset_265,Internal,Analytics,332
266,Dataset_266,Cloud Storage,Analytics,28087
267,Dataset_267,API,Infrastructure,43310
268,Dataset_268,Cloud Storage,Performance,6239
269,Dataset_269,Database,Infrastructure,36236
270,Dataset_270,Internal,Performance,47996
271,Dataset_271,Cloud Storage,Performance,24929
272,Dataset_272,Cloud Storage,Network,2806
273,Dataset_273,API,Network,19439
274,Dataset_274,External,Infrastructure,2700
275,Dataset_275,Internal,Analytics,48565
276,Dataset_276,Internal,User Activity,20377
277,Dataset_277,API,Security,49041
278,Dataset_278,Cloud Storage,Security,39384
279,Dataset_279,API,User Activity,27195
280,Dataset_280,API,User Activity,48156
281,Dataset_281,API,Analytics,39438
282,Dataset_282,Database,Security,22681
283,Dataset_283,Database,Infrastructure,7867
284,Dataset_284,API,User Activity,35387
285,Dataset_285,Internal,Performance,229
286,Dataset_286,Internal,Security,25989
287,Dataset_287,Internal,User Activity,989
288,Dataset_288,Internal,Security,45772
289,Dataset_289,Database,Analytics,28015
290,Dataset_290,Database,Analytics,22911
291,Dataset_291,Database,User Activity,45013
292,Dataset_292,External,Network,13966
293,Dataset_293,Internal,User Activity,46296
294,Dataset_294,API,Analytics,36314
295,Dataset_295,Internal,Network,43864
296,Dataset_296,API,Infrastructure,34936
297,Dataset_297,API,Security,12931
298,Dataset_298,External,Infrastructure,18679
299,Dataset_299,Database,Compliance,15575
300,Dataset_300,Cloud Storage,Network,13415
301,Dataset_301,Database,Analytics,20975
302,Dataset_302,External,User Activity,13667
303,Dataset_303,Cloud Storage,Security,14651
304,Dataset_304,Cloud Storage,Compliance,26491
305,Dataset_305,Internal,Infrastructure,13931
306,Dataset_306,External,User Activity,22081
307,Dataset_307,API,Infrastructure,20483
308,Dataset_308,Internal,Infrastructure,41390
309,Dataset_309,Internal,Compliance,38404
310,Dataset_310,Database,Network,11468
311,Dataset_311,Internal,Infrastructure,17356
312,Dataset_312,Internal,Infrastructure,3476
313,Dataset_313,Database,Analytics,34438
314,Dataset_314,Database,Network,14608
315,Dataset_315,Cloud Storage,Analytics,15369
316,Dataset_316,Internal,Infrastructure,23035
317,Dataset_317,Database,Analytics,27419
318,Dataset_318,API,Infrastructure,13944
319,Dataset_319,Cloud Storage,Infrastructure,13442
320,Dataset_320,Internal,User Activity,22225
321,Dataset_321,External,Compliance,48915
322,Dataset_322,Cloud Storage,Security,29234
323,Dataset_323,External,Infrastructure,40637
324,Dataset_324,Internal,User Activity,46208
325,Dataset_325,Database,Compliance,38995
326,Dataset_326,API,Network,33686
327,Dataset_327,API,Performance,18170
328,Dataset_328,API,Security,11923
329,Dataset_329,Cloud Storage,Infrastructure,23932
330,Dataset_330,External,User Activity,13632
331,Dataset_331,Database,User Activity,4917
332,Dataset_332,Database,Security,26906
333,Dataset_333,API,User Activity,48944
334,Dataset_334,Internal,User Activity,23714
335,Dataset_335,Internal,Network,37350
336,Dataset_336,Cloud Storage,Security,11560
337,Dataset_337,Cloud Storage,Analytics,5143
338,Dataset_338,Database,Performance,4842
339,Dataset_339,Database,User Activity,41135
340,Dataset_340,API,Analytics,4387
341,Dataset_341,Cloud Storage,Infrastructure,36152
342,Dataset_342,API,Security,31387
343,Dataset_343,Cloud Storage,Security,49314
344,Dataset_344,External,Compliance,26647
345,Dataset_345,API,Performance,4063
346,Dataset_346,Database,Compliance,41422
347,Dataset_347,Cloud Storage,Security,49306
348,Dataset_348,Cloud Storage,Network,29142
349,Dataset_349,Internal,Security,2268
350,Dataset_350,Internal,Network,684
351,Dataset_351,Internal,User Activity,47380
352,Dataset_352,API,Analytics,22414
353,Dataset_353,Cloud Storage,Network,40180
354,Dataset_354,API,Security,3532
355,Dataset_355,Internal,Analytics,21877
356,Dataset_356,External,User Activity,41300
357,Dataset_357,Internal,Compliance,48231
358,Dataset_358,External,Compliance,10858
359,Dataset_359,Database,Security,37336
360,Dataset_360,API,Compliance,6701
361,Dataset_361,API,Network,25883
362,Dataset_362,Database,Infrastructure,41379
363,Dataset_363,External,Compliance,28497
364,Dataset_364,Internal,Security,16557
365,Dataset_365,External,Infrastructure,13479
366,Dataset_366,External,Performance,8609
367,Dataset_367,Cloud Storage,Infrastructure,41671
368,Dataset_368,Cloud Storage,Performance,1612
369,Dataset_369,Cloud Storage,Compliance,31952
370,Dataset_370,Cloud Storage,Analytics,26826
371,Dataset_371,Cloud Storage,Performance,32477
372,Dataset_372,API,Performance,29088
373,Dataset_373,External,User Activity,10307
374,Dataset_374,API,Analytics,42863
375,Dataset_375,API,Compliance,21584
376,Dataset_376,Internal,Analytics,42094
377,Dataset_377,External,Network,42575
378,Dataset_378,API,Analytics,9221
379,Dataset_379,API,Network,11656
380,Dataset_380,Cloud Storage,Compliance,46756
381,Dataset_381,Internal,Compliance,23088
382,Dataset_382,API,Compliance,22942
383,Dataset_383,External,Analytics,12142
384,Dataset_384,Internal,Network,18079
385,Dataset_385,External,Infrastructure,12844
386,Dataset_386,API,User Activity,1142
387,Dataset_387,Cloud Storage,Network,21190
388,Dataset_388,API,Performance,28699
389,Dataset_389,Internal,Infrastructure,3990
390,Dataset_390,Cloud Storage,User Activity,47239
391,Dataset_391,Internal,Security,27506
392,Dataset_392,External,User Activity,21732
393,Dataset_393,Internal,Security,27400
394,Dataset_394,Cloud Storage,Compliance,38371
395,Dataset_395,Internal,Network,24252
396,Dataset_396,Database,User Activity,45139
397,Dataset_397,External,Performance,2574
398,Dataset_398,API,User Activity,33985
399,Dataset_399,API,Performance,38488
400,Dataset_400,Cloud Storage,User Activity,16125
401,Dataset_401,External,Analytics,11022
402,Dataset_402,API,Compliance,40865
403,Dataset_403,External,Infrastructure,44602
404,Dataset_404,Cloud Storage,Performance,14861
405,Dataset_405,External,User Activity,34984
406,Dataset_406,Cloud Storage,Analytics,2836
407,Dataset_407,Cloud Storage,Compliance,3926
408,Dataset_408,Database,Infrastructure,39301
409,Dataset_409,Database,Analytics,30457
410,Dataset_410,API,Performance,24996
411,Dataset_411,External,Performance,48773
412,Dataset_412,Internal,Performance,22878
413,Dataset_413,Cloud Storage,Security,37605
414,Dataset_414,Internal,Infrastructure,26457
415,Dataset_415,API,Security,40061
416,Dataset_416,Cloud Storage,Infrastructure,12555
417,Dataset_417,Cloud Storage,Network,11942
418,Dataset_418,External,User Activity,2884
419,Dataset_419,External,Network,20287
420,Dataset_420,Database,Performance,35848
421,Dataset_421,External,Network,36641
422,Dataset_422,API,Performance,44327
423,Dataset_423,API,Performance,2893
424,Dataset_424,API,Network,42734
425,Dataset_425,API,Infrastructure,31488
426,Dataset_426,Internal,User Activity,35734
427,Dataset_427,API,User Activity,16627
428,Dataset_428,External,Analytics,29900
429,Dataset_429,API,Performance,46400
430,Dataset_430,API,Performance,11188
431,Dataset_431,API,Network,42472
432,Dataset_432,API,Performance,2081
433,Dataset_433,API,Infrastructure,24622
434,Dataset_434,Internal,Compliance,36131
435,Dataset_435,Internal,Performance,28994
436,Dataset_436,Cloud Storage,Analytics,45353
437,Dataset_437,API,Analytics,27054
438,Dataset_438,Database,Performance,1211
439,Dataset_439,Internal,Analytics,49369
440,Dataset_440,Internal,Performance,28289
441,Dataset_441,Internal,Performance,6623
442,Dataset_442,Database,Performance,31758
443,Dataset_443,Database,Security,11150
444,Dataset_444,API,Analytics,33439
445,Dataset_445,Cloud Storage,User Activity,19851
446,Dataset_446,API,User Activity,9113
447,Dataset_447,Internal,Security,18417
448,Dataset_448,API,Analytics,11382
449,Dataset_449,External,Infrastructure,3339
450,Dataset_450,API,Security,45872
451,Dataset_451,API,Network,10978
452,Dataset_452,Database,Performance,29713
453,Dataset_453,Database,Compliance,31992
454,Dataset_454,Cloud Storage,Performance,37886
455,Dataset_455,Internal,Compliance,12162
456,Dataset_456,Database,Security,14373
457,Dataset_457,Internal,Network,1690
458,Dataset_458,Database,Security,49285
459,Dataset_459,API,Compliance,5548
460,Dataset_460,Database,Network,27565
461,Dataset_461,External,Compliance,20034
462,Dataset_462,Database,Security,20854
463,Dataset_463,Cloud Storage,Analytics,13260
464,Dataset_464,Database,Compliance,22601
465,Dataset_465,Cloud Storage,Network,40818
466,Dataset_466,External,User Activity,2831
467,Dataset_467,API,Analytics,27698
468,Dataset_468,Cloud Storage,Analytics,11620
469,Dataset_469,API,Infrastructure,21318
470,Dataset_470,Internal,User Activity,27338
471,Dataset_471,API,Security,17822
472,Dataset_472,Internal,Infrastructure,49367
473,Dataset_473,Database,Security,40228
474,Dataset_474,Database,User Activity,28561
475,Dataset_475,API,Security,24718
476,Dataset_476,API,Analytics,6887
477,Dataset_477,Internal,Network,19095
478,Dataset_478,API,Security,13923
479,Dataset_479,Internal,User Activity,32363
480,Dataset_480,Cloud Storage,Infrastructure,32244
481,Dataset_481,Internal,Analytics,9316
482,Dataset_482,Cloud Storage,User Activity,14169
483,Dataset_483,Database,Performance,49313
484,Dataset_484,Internal,User Activity,42645
485,Dataset_485,Database,Network,39173
486,Dataset_486,Database,Analytics,48490
487,Dataset_487,API,Performance,489
488,Dataset_488,Database,User Activity,36468
489,Dataset_489,External,Analytics,21226
490,Dataset_490,API,Performance,35799
491,Dataset_491,Internal,Network,10503
492,Dataset_492,API,Security,14353
493,Dataset_493,Internal,Performance,17407
494,Dataset_494,Internal,Security,48499
495,Dataset_495,Database,Network,27878
496,Dataset_496,External,Performance,18642
497,Dataset_497,External,Analytics,6742
498,Dataset_498,Internal,Analytics,24020
499,Dataset_499,External,Performance,14951
500,Dataset_500,Internal,Infrastructure,23427
501,Dataset_501,Cloud Storage,Compliance,2372
502,Dataset_502,API,Compliance,14019
503,Dataset_503,Cloud Storage,User Activity,6541
504,Dataset_504,Internal,Infrastructure,31121
505,Dataset_505,API,Network,29327
506,Dataset_506,External,Compliance,45533
507,Dataset_507,Cloud Storage,Security,17426
508,Dataset_508,External,Security,18010
509,Dataset_509,Database,Security,22793
510,Dataset_510,API,Security,29379
511,Dataset_511,Internal,Analytics,43033
512,Dataset_512,External,Security,46541
513,Dataset_513,Cloud Storage,Infrastructure,10943
514,Dataset_514,API,Security,33294
515,Dataset_515,API,Infrastructure,30963
516,Dataset_516,Internal,Compliance,42898
517,Dataset_517,Internal,Network,13353
518,Dataset_518,External,Analytics,14241
519,Dataset_519,Cloud Storage,Performance,5363
520,Dataset_520,Database,Infrastructure,7402
521,Dataset_521,Database,Network,32999
522,Dataset_522,Database,Infrastructure,41410
523,Dataset_523,External,User Activity,7861
524,Dataset_524,Cloud Storage,Network,32363
525,Dataset_525,Cloud Storage,Analytics,7035
526,Dataset_526,Internal,Security,7706
527,Dataset_527,External,Security,43620
528,Dataset_528,API,Security,1738
529,Dataset_529,Database,User Activity,40364
530,Dataset_530,Cloud Storage,Infrastructure,19483
531,Dataset_531,API,Network,399
532,Dataset_532,API,Performance,35889
533,Dataset_533,API,Infrastructure,36463
534,Dataset_534,API,Infrastructure,34946
535,Dataset_535,Internal,User Activity,42675
536,Dataset_536,Cloud Storage,Infrastructure,43186
537,Dataset_537,Cloud Storage,Security,26632
538,Dataset_538,Internal,Infrastructure,26173
539,Dataset_539,Internal,Security,24292
540,Dataset_540,Database,Security,27053
541,Dataset_541,Database,Security,10126
542,Dataset_542,Internal,Infrastructure,40429
543,Dataset_543,Internal,Compliance,7360
544,Dataset_544,Cloud Storage,Security,43067
545,Dataset_545,API,Compliance,19027
546,Dataset_546,Cloud Storage,Network,15935
547,Dataset_547,Internal,Performance,7111
548,Dataset_548,Database,Infrastructure,34222
549,Dataset_549,Database,Infrastructure,48131
550,Dataset_550,Cloud Storage,Network,6753
551,Dataset_551,Internal,Analytics,14120
552,Dataset_552,External,Compliance,10936
553,Dataset_553,Database,Security,47947
554,Dataset_554,Cloud Storage,Compliance,41000
555,Dataset_555,Cloud Storage,Security,38462
556,Dataset_556,Cloud Storage,User Activity,7514
557,Dataset_557,Database,User Activity,1374
558,Dataset_558,Cloud Storage,Infrastructure,35222
559,Dataset_559,Internal,Infrastructure,19179
560,Dataset_560,Internal,Performance,37877
561,Dataset_561,Database,Infrastructure,45873
562,Dataset_562,Cloud Storage,Network,12416
563,Dataset_563,Database,Security,31103
564,Dataset_564,External,Performance,1364
565,Dataset_565,External,User Activity,28376
566,Dataset_566,API,Analytics,7474
567,Dataset_567,Internal,Performance,44655
568,Dataset_568,Cloud Storage,User Activity,38479
569,Dataset_569,External,Performance,34515
570,Dataset_570,External,Performance,41007
571,Dataset_571,External,Compliance,49401
572,Dataset_572,Cloud Storage,Network,8357
573,Dataset_573,Cloud Storage,User Activity,46652
574,Dataset_574,API,Network,7608
575,Dataset_575,Internal,Security,27564
576,Dataset_576,External,Network,49145
577,Dataset_577,Internal,Performance,16514
578,Dataset_578,Database,Performance,31188
579,Dataset_579,Internal,Analytics,1195
580,Dataset_580,API,Security,26268
581,Dataset_581,External,Performance,41905
582,Dataset_582,API,Network,24753
583,Dataset_583,API,User Activity,36589
584,Dataset_584,Database,Compliance,20019
585,Dataset_585,API,Analytics,3100
586,Dataset_586,Database,Security,11667
587,Dataset_587,Cloud Storage,Compliance,35732
588,Dataset_588,Internal,Performance,42875
589,Dataset_589,Cloud Storage,Security,42478
590,Dataset_590,Database,Security,30173
591,Dataset_591,Internal,User Activity,6299
592,Dataset_592,API,Network,11170
593,Dataset_593,External,Network,18508
594,Dataset_594,Cloud Storage,Compliance,23663
595,Dataset_595,Internal,Security,3113
596,Dataset_596,External,Infrastructure,45505
597,Dataset_597,Internal,Analytics,14497
598,Dataset_598,Cloud Storage,Compliance,46332
599,Dataset_599,API,Network,8198
600,Dataset_600,External,Analytics,36408
601,Dataset_601,Internal,Analytics,18589
602,Dataset_602,External,Security,9063
603,Dataset_603,External,Compliance,39488
604,Dataset_604,Cloud Storage,Compliance,36319
605,Dataset_605,Cloud Storage,Analytics,17040
606,Dataset_606,API,User Activity,36051
607,Dataset_607,External,Security,10763
608,Dataset_608,Cloud Storage,User Activity,46724
609,Dataset_609,Internal,Compliance,36300
610,Dataset_610,Cloud Storage,Compliance,947
611,Dataset_611,Cloud Storage,User Activity,34854
612,Dataset_612,API,Security,18802
613,Dataset_613,External,Analytics,218
614,Dataset_614,Internal,Network,15716
615,Dataset_615,Internal,Performance,23265
616,Dataset_616,API,Security,44048
617,Dataset_617,API,Infrastructure,10687
618,Dataset_618,Database,Performance,27902
619,Dataset_619,Internal,Network,24297
620,Dataset_620,Database,User Activity,46762
621,Dataset_621,Internal,User Activity,37192
622,Dataset_622,API,Network,42610
623,Dataset_623,Internal,User Activity,41154
624,Dataset_624,Database,Infrastructure,48652
625,Dataset_625,External,Compliance,12811
626,Dataset_626,External,Analytics,35709
627,Dataset_627,Cloud Storage,Analytics,38483
628,Dataset_628,Database,Analytics,41156
629,Dataset_629,Cloud Storage,Network,35336
630,Dataset_630,External,Infrastructure,1199
631,Dataset_631,Cloud Storage,Security,31603
632,Dataset_632,External,Compliance,2784
633,Dataset_633,External,Security,18943
634,Dataset_634,Database,Compliance,37997
635,Dataset_635,External,Compliance,13549
636,Dataset_636,Database,Infrastructure,35840
637,Dataset_637,Cloud Storage,Compliance,42427
638,Dataset_638,Cloud Storage,Infrastructure,10483
639,Dataset_639,Cloud Storage,User Activity,1560
640,Dataset_640,API,Performance,27265
641,Dataset_641,Cloud Storage,Analytics,2873
642,Dataset_642,External,Performance,15152
643,Dataset_643,Internal,Performance,9863
644,Dataset_644,External,Performance,19979
645,Dataset_645,Internal,Compliance,27774
646,Dataset_646,Internal,Network,29545
647,Dataset_647,External,Network,10602
648,Dataset_648,Internal,Network,1184
649,Dataset_649,External,Analytics,3207
650,Dataset_650,Database,Security,24636
651,Dataset_651,API,Compliance,27886
652,Dataset_652,Cloud Storage,Network,45763
653,Dataset_653,Cloud Storage,Compliance,44551
654,Dataset_654,Internal,Infrastructure,45912
655,Dataset_655,External,Network,33376
656,Dataset_656,Database,Compliance,3807
657,Dataset_657,Internal,Security,2480
658,Dataset_658,API,Compliance,26666
659,Dataset_659,Database,Infrastructure,10741
660,Dataset_660,Internal,Compliance,46375
661,Dataset_661,Cloud Storage,Network,21949
662,Dataset_662,Internal,Analytics,26303
663,Dataset_663,Cloud Storage,Security,29586
664,Dataset_664,Internal,User Activity,21769
665,Dataset_665,API,User Activity,38183
666,Dataset_666,Internal,Compliance,26292
667,Dataset_667,Database,Security,25180
668,Dataset_668,Database,User Activity,44809
669,Dataset_669,External,User Activity,47272
670,Dataset_670,External,User Activity,13720
671,Dataset_671,Internal,Performance,823
672,Dataset_672,Cloud Storage,Performance,26187
673,Dataset_673,Cloud Storage,Infrastructure,36405
674,Dataset_674,Internal,Security,4160
675,Dataset_675,API,Network,37661
676,Dataset_676,External,Infrastructure,42010
677,Dataset_677,External,User Activity,41028
678,Dataset_678,API,Compliance,1798
679,Dataset_679,API,Compliance,33638
680,Dataset_680,External,Network,49623
681,Dataset_681,Database,Network,16642
682,Dataset_682,Cloud Storage,Performance,23662
683,Dataset_683,Database,Infrastructure,11190
684,Dataset_684,Database,Infrastructure,28704
685,Dataset_685,Internal,Network,8005
686,Dataset_686,Cloud Storage,Compliance,41579
687,Dataset_687,Internal,Compliance,9234
688,Dataset_688,External,Performance,22757
689,Dataset_689,Cloud Storage,Security,32168
690,Dataset_690,API,User Activity,24357
691,Dataset_691,Cloud Storage,Network,27603
692,Dataset_692,Cloud Storage,User Activity,34404
693,Dataset_693,Internal,Performance,20186
694,Dataset_694,Database,Infrastructure,49615
695,Dataset_695,API,Network,22206
696,Dataset_696,Internal,Compliance,44868
697,Dataset_697,Cloud Storage,Performance,530
698,Dataset_698,Database,Performance,34042
699,Dataset_699,Internal,Compliance,145
700,Dataset_700,External,Infrastructure,33801
701,Dataset_701,API,User Activity,43208
702,Dataset_702,Internal,Analytics,17101
703,Dataset_703,Database,Compliance,21589
704,Dataset_704,API,Compliance,11296
705,Dataset_705,Database,Analytics,13924
706,Dataset_706,API,Performance,685
707,Dataset_707,External,User Activity,16260
708,Dataset_708,Database,Network,812
709,Dataset_709,Database,Analytics,43574
710,Dataset_710,API,Compliance,34663
711,Dataset_711,API,Performance,41202
712,Dataset_712,Database,Performance,16969
713,Dataset_713,External,Network,13399
714,Dataset_714,Internal,Infrastructure,16686
715,Dataset_715,External,Network,13381
716,Dataset_716,API,Network,7263
717,Dataset_717,Cloud Storage,Network,28055
718,Dataset_718,Database,User Activity,19555
719,Dataset_719,Internal,User Activity,19749
720,Dataset_720,External,User Activity,24613
721,Dataset_721,Internal,Performance,46979
722,Dataset_722,API,User Activity,43381
723,Dataset_723,API,Performance,19141
724,Dataset_724,Cloud Storage,Network,27814
725,Dataset_725,Cloud Storage,Security,15297
726,Dataset_726,Cloud Storage,Analytics,21947
727,Dataset_727,Internal,Infrastructure,25103
728,Dataset_728,External,Analytics,13156
729,Dataset_729,Internal,Infrastructure,32296
730,Dataset_730,Internal,Network,36006
731,Dataset_731,Database,Performance,44113
732,Dataset_732,Database,Performance,22587
733,Dataset_733,API,User Activity,13455
734,Dataset_734,API,Security,41415
735,Dataset_735,External,Security,22533
736,Dataset_736,API,Compliance,40084
737,Dataset_737,Cloud Storage,Compliance,7343
738,Dataset_738,API,Performance,40435
739,Dataset_739,Internal,Network,47592
740,Dataset_740,API,Compliance,2888
741,Dataset_741,Cloud Storage,Security,45829
742,Dataset_742,Internal,Network,48704
743,Dataset_743,External,Analytics,5431
744,Dataset_744,Internal,Compliance,769
745,Dataset_745,External,Analytics,41392
746,Dataset_746,Database,Security,39763
747,Dataset_747,External,Network,37144
748,Dataset_748,Database,Infrastructure,32198
749,Dataset_749,Database,User Activity,13552
750,Dataset_750,API,Infrastructure,41725
751,Dataset_751,Database,Performance,46531
752,Dataset_752,API,Performance,16213
753,Dataset_753,External,Compliance,9942
754,Dataset_754,Database,Analytics,2352
755,Dataset_755,Internal,Analytics,33299
756,Dataset_756,Internal,Infrastructure,17691
757,Dataset_757,Internal,Compliance,24068
758,Dataset_758,Cloud Storage,Compliance,29063
759,Dataset_759,External,User Activity,34862
760,Dataset_760,Cloud Storage,Analytics,4145
761,Dataset_761,Cloud Storage,Infrastructure,19386
762,Dataset_762,Cloud Storage,Compliance,3597
763,Dataset_763,Internal,Performance,19698
764,Dataset_764,Internal,Analytics,13730
765,Dataset_765,Database,User Activity,46382
766,Dataset_766,External,Security,23523
767,Dataset_767,Cloud Storage,Compliance,1624
768,Dataset_768,External,Performance,27362
769,Dataset_769,External,Compliance,36054
770,Dataset_770,External,Infrastructure,43711
771,Dataset_771,Database,Performance,28471
772,Dataset_772,API,Analytics,10192
773,Dataset_773,External,Compliance,8652
774,Dataset_774,Internal,Compliance,45834
775,Dataset_775,Database,Security,24561
776,Dataset_776,API,Performance,41036
777,Dataset_777,Internal,Analytics,43737
778,Dataset_778,API,Compliance,36916
779,Dataset_779,Cloud Storage,Infrastructure,33523
780,Dataset_780,External,Performance,44058
781,Dataset_781,Internal,Infrastructure,17682
782,Dataset_782,Cloud Storage,User Activity,38635
783,Dataset_783,Internal,Analytics,16282
784,Dataset_784,Internal,Compliance,34907
785,Dataset_785,External,Security,42314
786,Dataset_786,Cloud Storage,User Activity,42990
787,Dataset_787,Internal,Performance,17502
788,Dataset_788,API,Network,45886
789,Dataset_789,Cloud Storage,Performance,27008
790,Dataset_790,Internal,Network,28809
791,Dataset_791,Cloud Storage,Infrastructure,10854
792,Dataset_792,Database,Infrastructure,30229
793,Dataset_793,External,Compliance,6045
794,Dataset_794,API,Compliance,42803
795,Dataset_795,Cloud Storage,Network,22826
796,Dataset_796,Cloud Storage,Performance,42887
797,Dataset_797,Database,Network,48761
798,Dataset_798,API,Security,29985
799,Dataset_799,API,Network,2890
800,Dataset_800,Cloud Storage,User Activity,32636
801,Dataset_801,Internal,User Activity,36804
802,Dataset_802,API,User Activity,394
803,Dataset_803,Cloud Storage,Network,32952
804,Dataset_804,Cloud Storage,Security,8739
805,Dataset_805,External,Compliance,45239
806,Dataset_806,External,Infrastructure,6672
807,Dataset_807,Cloud Storage,Security,33294
808,Dataset_808,API,Network,841
809,Dataset_809,External,Infrastructure,43950
810,Dataset_810,Database,Infrastructure,39940
811,Dataset_811,API,Network,16346
812,Dataset_812,External,Security,19123
813,Dataset_813,Cloud Storage,Compliance,34558
814,Dataset_814,Database,Analytics,10000
815,Dataset_815,Database,Infrastructure,14821
816,Dataset_816,API,Infrastructure,36235
817,Dataset_817,API,Network,5935
818,Dataset_818,External,Network,3606
819,Dataset_819,Internal,Network,25510
820,Dataset_820,Database,Infrastructure,1701
821,Dataset_821,External,Security,32697
822,Dataset_822,External,Network,48936
823,Dataset_823,Cloud Storage,User Activity,47764
824,Dataset_824,API,Performance,25038
825,Dataset_825,Database,Performance,20876
826,Dataset_826,Database,Performance,24976
827,Dataset_827,API,Infrastructure,42597
828,Dataset_828,Database,Network,7428
829,Dataset_829,API,User Activity,42373
830,Dataset_830,Internal,User Activity,26969
831,Dataset_831,Cloud Storage,Compliance,7519
832,Dataset_832,Database,Performance,25130
833,Dataset_833,Cloud Storage,Network,25621
834,Dataset_834,API,User Activity,15375
835,Dataset_835,Database,Security,3329
836,Dataset_836,Cloud Storage,User Activity,30155
837,Dataset_837,Database,User Activity,29740
838,Dataset_838,Cloud Storage,Security,5802
839,Dataset_839,API,Analytics,1241
840,Dataset_840,Internal,Analytics,23672
841,Dataset_841,API,Infrastructure,21742
842,Dataset_842,Cloud Storage,Compliance,40811
843,Dataset_843,External,Security,48253
844,Dataset_844,External,Compliance,36127
845,Dataset_845,Cloud Storage,Security,5815
846,Dataset_846,API,Compliance,13980
847,Dataset_847,External,Infrastructure,3189
848,Dataset_848,External,Security,28167
849,Dataset_849,Database,Infrastructure,26034
850,Dataset_850,Internal,Network,12298
851,Dataset_851,Internal,Infrastructure,33158
852,Dataset_852,External,Security,25424
853,Dataset_853,Database,Compliance,49385
854,Dataset_854,Database,Analytics,1751
855,Dataset_855,External,Security,10754
856,Dataset_856,External,User Activity,32339
857,Dataset_857,API,Infrastructure,37833
858,Dataset_858,External,Security,11913
859,Dataset_859,Cloud Storage,Security,36973
860,Dataset_860,Internal,Compliance,765
861,Dataset_861,Cloud Storage,Compliance,27141
862,Dataset_862,External,Network,40875
863,Dataset_863,Database,Performance,26162
864,Dataset_864,Database,Performance,2544
865,Dataset_865,Database,User Activity,46163
866,Dataset_866,Cloud Storage,Network,19825
867,Dataset_867,External,Compliance,10905
868,Dataset_868,Database,Infrastructure,9749
869,Dataset_869,Internal,Performance,17263
870,Dataset_870,Database,Compliance,4339
871,Dataset_871,API,Performance,48026
872,Dataset_872,Database,Security,20565
873,Dataset_873,External,Performance,6707
874,Dataset_874,Internal,User Activity,41738
875,Dataset_875,Internal,User Activity,2167
876,Dataset_876,Cloud Storage,Performance,1518
877,Dataset_877,Database,Security,5442
878,Dataset_878,Cloud Storage,Performance,42121
879,Dataset_879,External,Network,19798
880,Dataset_880,Cloud Storage,Network,1617
881,Dataset_881,Database,Security,29096
882,Dataset_882,External,Security,7040
883,Dataset_883,API,User Activity,19959
884,Dataset_884,Cloud Storage,Performance,14645
885,Dataset_885,API,Infrastructure,31158
886,Dataset_886,API,Security,41009
887,Dataset_887,API,Performance,42076
888,Dataset_888,Database,Infrastructure,24791
889,Dataset_889,API,Analytics,30913
890,Dataset_890,Internal,Network,4198
891,Dataset_891,Internal,Network,322
892,Dataset_892,API,Infrastructure,33414
893,Dataset_893,Database,Analytics,19221
894,Dataset_894,Cloud Storage,Performance,37682
895,Dataset_895,Cloud Storage,Infrastructure,43556
896,Dataset_896,Database,Infrastructure,28973
897,Dataset_897,External,Analytics,21486
898,Dataset_898,Database,Network,43829
899,Dataset_899,External,Performance,30001
900,Dataset_900,Database,Analytics,11068
901,Dataset_901,Cloud Storage,Compliance,3985
902,Dataset_902,Database,Security,37394
903,Dataset_903,Database,Network,21401
904,Dataset_904,API,Analytics,17673
905,Dataset_905,Cloud Storage,Network,43646
906,Dataset_906,External,Security,26931
907,Dataset_907,Internal,Analytics,19719
908,Dataset_908,External,User Activity,21336
909,Dataset_909,Internal,User Activity,26236
910,Dataset_910,Internal,Network,19695
911,Dataset_911,API,User Activity,4550
912,Dataset_912,Database,Security,30639
913,Dataset_913,External,Network,16116
914,Dataset_914,Internal,User Activity,33316
915,Dataset_915,External,Performance,32571
916,Dataset_916,Database,Network,8352
917,Dataset_917,External,Security,28877
918,Dataset_918,Internal,Analytics,21950
919,Dataset_919,Internal,Analytics,19015
920,Dataset_920,External,Network,23442
921,Dataset_921,Internal,User Activity,26937
922,Dataset_922,API,Network,20944
923,Dataset_923,Database,Network,37364
924,Dataset_924,Cloud Storage,Analytics,19149
925,Dataset_925,Database,Compliance,5054
926,Dataset_926,API,Performance,28526
927,Dataset_927,API,Analytics,29445
928,Dataset_928,Database,Performance,260
929,Dataset_929,Cloud Storage,Infrastructure,42319
930,Dataset_930,Internal,Security,36941
931,Dataset_931,External,Performance,30215
932,Dataset_932,Cloud Storage,Analytics,3974
933,Dataset_933,Internal,Compliance,49641
934,Dataset_934,Database,Compliance,39513
935,Dataset_935,API,Security,6570
936,Dataset_936,External,Performance,30376
937,Dataset_937,External,User Activity,21257
938,Dataset_938,Internal,Compliance,27494
939,Dataset_939,External,Performance,24795
940,Dataset_940,API,Network,37969
941,Dataset_941,API,Security,8446
942,Dataset_942,API,Infrastructure,42754
943,Dataset_943,External,User Activity,14906
944,Dataset_944,External,Network,10129
945,Dataset_945,Internal,Performance,44918
946,Dataset_946,Internal,Performance,14945
947,Dataset_947,Database,Network,17879
948,Dataset_948,API,Security,33746
949,Dataset_949,API,Security,18409
950,Dataset_950,Cloud Storage,Performance,13538
951,Dataset_951,Database,Analytics,47625
952,Dataset_952,Database,Compliance,31968
953,Dataset_953,Internal,Infrastructure,29653
954,Dataset_954,Database,Compliance,38468
955,Dataset_955,API,User Activity,48110
956,Dataset_956,API,Performance,11810
957,Dataset_957,Database,Security,14427
958,Dataset_958,Cloud Storage,Performance,40179
959,Dataset_959,Internal,Infrastructure,38176
960,Dataset_960,Internal,User Activity,13242
961,Dataset_961,Internal,Analytics,23153
962,Dataset_962,Database,Network,16308
963,Dataset_963,Database,Performance,4962
964,Dataset_964,Database,Infrastructure,2708
965,Dataset_965,Cloud Storage,Performance,6259
966,Dataset_966,Cloud Storage,Analytics,8500
967,Dataset_967,Database,Compliance,6278
968,Dataset_968,External,Performance,30202
969,Dataset_969,External,Compliance,43188
970,Dataset_970,External,Network,8225
971,Dataset_971,Cloud Storage,Infrastructure,26705
972,Dataset_972,Cloud Storage,Security,28099
973,Dataset_973,Cloud Storage,Analytics,11029
974,Dataset_974,Database,Security,14751
975,Dataset_975,Database,Performance,26128
976,Dataset_976,Cloud Storage,Compliance,49220
977,Dataset_977,External,Compliance,13156
978,Dataset_978,API,User Activity,5759
979,Dataset_979,Database,Security,36341
980,Dataset_980,API,User Activity,32254
981,Dataset_981,Internal,Network,18986
982,Dataset_982,API,Compliance,25126
983,Dataset_983,External,Compliance,36942
984,Dataset_984,Database,Infrastructure,20373
985,Dataset_985,Internal,User Activity,25024
986,Dataset_986,External,Network,46197
987,Dataset_987,Cloud Storage,Compliance,10110
988,Dataset_988,Database,Analytics,11393
989,Dataset_989,API,Performance,43519
990,Dataset_990,Database,Analytics,33799
991,Dataset_991,Internal,Compliance,16172
992,Dataset_992,Cloud Storage,Analytics,7715
993,Dataset_993,API,Infrastructure,25309
994,Dataset_994,Database,Infrastructure,21800
995,Dataset_995,Cloud Storage,User Activity,1674
996,Dataset_996,Database,Infrastructure,15513
997,Dataset_997,External,Security,10342
998,Dataset_998,External,User Activity,31131
999,Dataset_999,Database,Performance,22115
1000,Dataset_1000,Internal,Security,28328
