id,date,incident_type,severity,status,description,reported_by
1,2021-06-03,Phishing,low,in-progress,Incident 1 - Security event detected,user77
2,2024-04-11,Ransomware,low,resolved,Incident 2 - Security event detected,user20
3,2024-07-18,SQL Injection,high,closed,Incident 3 - Security event detected,user27
4,2024-02-25,Ransomware,high,closed,Incident 4 - Security event detected,user34
5,2024-09-19,Phishing,low,resolved,Incident 5 - Security event detected,user89
6,2021-06-05,Phishing,medium,closed,Incident 6 - Security event detected,user7
7,2021-09-26,SQL Injection,high,in-progress,Incident 7 - Security event detected,user35
8,2023-10-18,DDoS,high,in-progress,Incident 8 - Security event detected,user8
9,2024-11-24,Malware,critical,resolved,Incident 9 - Security event detected,user51
10,2020-07-08,Data Breach,medium,in-progress,Incident 10 - Security event detected,user1
11,2024-01-26,SQL Injection,critical,open,Incident 11 - Security event detected,user34
12,2024-05-27,SQL Injection,medium,resolved,Incident 12 - Security event detected,user38
13,2023-03-03,Phishing,low,in-progress,Incident 13 - Security event detected,user94
14,2021-04-15,DDoS,medium,open,Incident 14 - Security event detected,user34
15,2022-10-11,Phishing,medium,closed,Incident 15 - Security event detected,user87
16,2023-04-05,SQL Injection,low,closed,Incident 16 - Security event detected,user84
17,2022-11-06,Malware,low,resolved,Incident 17 - Security event detected,user71
18,2020-06-01,Social Engineering,critical,closed,Incident 18 - Security event detected,user48
19,2023-04-15,Phishing,high,resolved,Incident 19 - Security event detected,user87
20,2020-07-02,Social Engineering,critical,in-progress,Incident 20 - Security event detected,user38
21,2022-01-26,SQL Injection,low,closed,Incident 21 - Security event detected,user71
22,2020-03-15,Phishing,critical,in-progress,Incident 22 - Security event detected,user26
23,2022-06-05,Data Breach,low,in-progress,Incident 23 - Security event detected,user83
24,2022-10-30,Data Breach,critical,resolved,Incident 24 - Security event detected,user86
25,2022-03-30,Phishing,high,in-progress,Incident 25 - Security event detected,user51
26,2021-01-16,Data Breach,critical,closed,Incident 26 - Security event detected,user44
27,2020-10-24,DDoS,critical,in-progress,Incident 27 - Security event detected,user57
28,2024-01-08,Data Breach,low,open,Incident 28 - Security event detected,user5
29,2022-11-07,Social Engineering,high,closed,Incident 29 - Security event detected,user91
30,2024-02-14,Malware,low,resolved,Incident 30 - Security event detected,user51
31,2024-03-05,DDoS,high,closed,Incident 31 - Security event detected,user99
32,2021-04-03,Data Breach,high,in-progress,Incident 32 - Security event detected,user31
33,2021-06-27,Phishing,high,resolved,Incident 33 - Security event detected,user13
34,2021-08-16,Phishing,high,resolved,Incident 34 - Security event detected,user22
35,2024-07-07,Data Breach,critical,closed,Incident 35 - Security event detected,user90
36,2021-03-20,Data Breach,low,resolved,Incident 36 - Security event detected,user76
37,2020-06-22,Ransomware,medium,resolved,Incident 37 - Security event detected,user54
38,2020-07-21,Malware,low,in-progress,Incident 38 - Security event detected,user54
39,2022-06-19,Data Breach,medium,in-progress,Incident 39 - Security event detected,user55
40,2021-09-09,Social Engineering,low,in-progress,Incident 40 - Security event detected,user46
41,2020-03-22,Phishing,critical,resolved,Incident 41 - Security event detected,user51
42,2023-03-12,DDoS,medium,resolved,Incident 42 - Security event detected,user18
43,2023-05-16,Ransomware,medium,in-progress,Incident 43 - Security event detected,user27
44,2024-05-04,DDoS,low,in-progress,Incident 44 - Security event detected,user99
45,2022-07-06,Ransomware,low,closed,Incident 45 - Security event detected,user87
46,2022-12-30,DDoS,medium,resolved,Incident 46 - Security event detected,user69
47,2023-04-09,Phishing,critical,in-progress,Incident 47 - Security event detected,user3
48,2024-06-08,Malware,high,resolved,Incident 48 - Security event detected,user9
49,2022-11-15,Malware,high,resolved,Incident 49 - Security event detected,user93
50,2024-08-26,Phishing,critical,in-progress,Incident 50 - Security event detected,user71
51,2020-08-13,Phishing,critical,closed,Incident 51 - Security event detected,user62
52,2020-04-25,Social Engineering,medium,resolved,Incident 52 - Security event detected,user78
53,2024-02-10,Malware,medium,in-progress,Incident 53 - Security event detected,user57
54,2020-07-22,SQL Injection,medium,open,Incident 54 - Security event detected,user87
55,2021-05-26,DDoS,critical,closed,Incident 55 - Security event detected,user40
56,2023-04-29,Ransomware,low,closed,Incident 56 - Security event detected,user13
57,2023-06-15,Phishing,low,open,Incident 57 - Security event detected,user31
58,2024-10-10,DDoS,medium,closed,Incident 58 - Security event detected,user71
59,2022-11-30,Phishing,low,open,Incident 59 - Security event detected,user72
60,2020-12-03,Ransomware,critical,in-progress,Incident 60 - Security event detected,user11
61,2022-06-03,SQL Injection,high,in-progress,Incident 61 - Security event detected,user70
62,2023-07-06,Ransomware,critical,in-progress,Incident 62 - Security event detected,user15
63,2020-04-09,Phishing,high,resolved,Incident 63 - Security event detected,user33
64,2020-02-08,Phishing,critical,resolved,Incident 64 - Security event detected,user47
65,2022-11-30,Malware,medium,in-progress,Incident 65 - Security event detected,user61
66,2022-12-20,DDoS,critical,open,Incident 66 - Security event detected,user31
67,2021-08-31,DDoS,critical,open,Incident 67 - Security event detected,user19
68,2020-06-12,Social Engineering,low,closed,Incident 68 - Security event detected,user3
69,2024-05-24,Phishing,low,in-progress,Incident 69 - Security event detected,user31
70,2022-07-27,Social Engineering,low,in-progress,Incident 70 - Security event detected,user61
71,2022-06-30,SQL Injection,critical,in-progress,Incident 71 - Security event detected,user1
72,2022-10-02,Data Breach,high,closed,Incident 72 - Security event detected,user61
73,2020-05-17,Ransomware,medium,closed,Incident 73 - Security event detected,user35
74,2020-05-27,DDoS,high,resolved,Incident 74 - Security event detected,user42
75,2022-07-07,DDoS,medium,resolved,Incident 75 - Security event detected,user95
76,2020-07-11,DDoS,high,in-progress,Incident 76 - Security event detected,user6
77,2024-11-17,Ransomware,critical,in-progress,Incident 77 - Security event detected,user5
78,2021-11-16,DDoS,low,resolved,Incident 78 - Security event detected,user41
79,2020-08-14,Social Engineering,high,open,Incident 79 - Security event detected,user83
80,2021-01-20,Data Breach,high,resolved,Incident 80 - Security event detected,user59
81,2024-08-28,SQL Injection,low,closed,Incident 81 - Security event detected,user84
82,2021-03-21,Data Breach,high,closed,Incident 82 - Security event detected,user10
83,2024-08-19,Data Breach,medium,closed,Incident 83 - Security event detected,user15
84,2022-03-20,SQL Injection,critical,closed,Incident 84 - Security event detected,user20
85,2021-10-04,Malware,low,open,Incident 85 - Security event detected,user35
86,2024-01-26,Malware,low,resolved,Incident 86 - Security event detected,user43
87,2020-10-05,Phishing,critical,closed,Incident 87 - Security event detected,user87
88,2024-02-23,DDoS,high,open,Incident 88 - Security event detected,user76
89,2024-08-10,SQL Injection,high,open,Incident 89 - Security event detected,user11
90,2023-04-21,SQL Injection,critical,in-progress,Incident 90 - Security event detected,user51
91,2022-04-26,SQL Injection,critical,open,Incident 91 - Security event detected,user87
92,2023-11-17,Ransomware,critical,closed,Incident 92 - Security event detected,user55
93,2022-03-17,Ransomware,low,in-progress,Incident 93 - Security event detected,user63
94,2021-07-27,Data Breach,medium,closed,Incident 94 - Security event detected,user11
95,2021-11-07,SQL Injection,low,in-progress,Incident 95 - Security event detected,user34
96,2024-06-18,SQL Injection,critical,closed,Incident 96 - Security event detected,user68
97,2022-04-13,Data Breach,high,open,Incident 97 - Security event detected,user71
98,2024-08-25,Social Engineering,low,in-progress,Incident 98 - Security event detected,user52
99,2023-06-19,SQL Injection,critical,in-progress,Incident 99 - Security event detected,user75
100,2020-08-01,Phishing,low,in-progress,Incident 100 - Security event detected,user81
101,2022-11-23,SQL Injection,medium,in-progress,Incident 101 - Security event detected,user33
102,2021-10-14,Data Breach,medium,in-progress,Incident 102 - Security event detected,user37
103,2022-04-28,DDoS,medium,open,Incident 103 - Security event detected,user10
104,2021-01-06,DDoS,medium,resolved,Incident 104 - Security event detected,user38
105,2020-06-08,Ransomware,low,closed,Incident 105 - Security event detected,user25
106,2021-10-02,Malware,high,in-progress,Incident 106 - Security event detected,user36
107,2023-11-09,DDoS,medium,open,Incident 107 - Security event detected,user57
108,2024-06-04,Malware,high,in-progress,Incident 108 - Security event detected,user46
109,2023-05-15,Social Engineering,medium,closed,Incident 109 - Security event detected,user1
110,2021-09-11,Phishing,medium,open,Incident 110 - Security event detected,user99
111,2023-01-24,Ransomware,high,open,Incident 111 - Security event detected,user95
112,2020-09-23,SQL Injection,critical,closed,Incident 112 - Security event detected,user7
113,2020-05-13,Malware,medium,resolved,Incident 113 - Security event detected,user23
114,2021-06-20,SQL Injection,high,in-progress,Incident 114 - Security event detected,user81
115,2023-03-01,Ransomware,medium,closed,Incident 115 - Security event detected,user47
116,2024-01-25,SQL Injection,medium,in-progress,Incident 116 - Security event detected,user11
117,2022-11-18,Phishing,high,closed,Incident 117 - Security event detected,user37
118,2024-11-06,Social Engineering,low,open,Incident 118 - Security event detected,user15
119,2020-10-04,SQL Injection,low,open,Incident 119 - Security event detected,user84
120,2024-05-14,Ransomware,high,in-progress,Incident 120 - Security event detected,user48
121,2022-10-26,Social Engineering,low,in-progress,Incident 121 - Security event detected,user27
122,2021-12-07,Malware,critical,closed,Incident 122 - Security event detected,user33
123,2023-04-22,SQL Injection,low,resolved,Incident 123 - Security event detected,user93
124,2021-09-20,Data Breach,low,in-progress,Incident 124 - Security event detected,user19
125,2021-11-06,Social Engineering,medium,resolved,Incident 125 - Security event detected,user39
126,2023-03-14,DDoS,high,resolved,Incident 126 - Security event detected,user86
127,2020-08-24,DDoS,low,open,Incident 127 - Security event detected,user95
128,2024-03-31,Social Engineering,high,open,Incident 128 - Security event detected,user69
129,2021-05-31,Phishing,high,closed,Incident 129 - Security event detected,user6
130,2023-09-02,Malware,low,open,Incident 130 - Security event detected,user37
131,2022-04-11,Phishing,low,resolved,Incident 131 - Security event detected,user26
132,2023-05-13,DDoS,critical,in-progress,Incident 132 - Security event detected,user74
133,2021-12-04,Ransomware,critical,resolved,Incident 133 - Security event detected,user71
134,2020-11-07,DDoS,low,closed,Incident 134 - Security event detected,user25
135,2024-12-16,Phishing,critical,in-progress,Incident 135 - Security event detected,user33
136,2020-06-11,Phishing,high,closed,Incident 136 - Security event detected,user5
137,2021-07-11,SQL Injection,critical,open,Incident 137 - Security event detected,user44
138,2021-01-30,Ransomware,low,resolved,Incident 138 - Security event detected,user94
139,2021-10-30,Ransomware,high,resolved,Incident 139 - Security event detected,user14
140,2021-03-25,Phishing,low,open,Incident 140 - Security event detected,user2
141,2020-08-15,SQL Injection,low,in-progress,Incident 141 - Security event detected,user48
142,2023-09-02,SQL Injection,high,resolved,Incident 142 - Security event detected,user76
143,2022-11-30,Social Engineering,medium,in-progress,Incident 143 - Security event detected,user46
144,2020-04-10,DDoS,low,resolved,Incident 144 - Security event detected,user2
145,2021-06-28,Ransomware,low,closed,Incident 145 - Security event detected,user82
146,2024-12-20,DDoS,high,closed,Incident 146 - Security event detected,user94
147,2021-06-07,Phishing,critical,open,Incident 147 - Security event detected,user29
148,2020-05-18,Malware,high,closed,Incident 148 - Security event detected,user82
149,2020-10-23,Data Breach,medium,in-progress,Incident 149 - Security event detected,user85
150,2023-09-09,Malware,critical,closed,Incident 150 - Security event detected,user89
151,2021-10-12,Data Breach,low,open,Incident 151 - Security event detected,user55
152,2020-10-13,SQL Injection,critical,closed,Incident 152 - Security event detected,user71
153,2022-12-20,Ransomware,critical,resolved,Incident 153 - Security event detected,user61
154,2020-04-03,Data Breach,high,resolved,Incident 154 - Security event detected,user13
155,2022-08-26,Malware,medium,in-progress,Incident 155 - Security event detected,user45
156,2020-01-18,DDoS,low,open,Incident 156 - Security event detected,user22
157,2021-08-03,SQL Injection,medium,open,Incident 157 - Security event detected,user40
158,2020-10-26,Phishing,high,resolved,Incident 158 - Security event detected,user29
159,2023-07-01,DDoS,critical,open,Incident 159 - Security event detected,user78
160,2023-11-12,DDoS,medium,in-progress,Incident 160 - Security event detected,user61
161,2024-08-24,Data Breach,low,in-progress,Incident 161 - Security event detected,user72
162,2021-09-23,Social Engineering,high,resolved,Incident 162 - Security event detected,user20
163,2020-09-29,Data Breach,critical,closed,Incident 163 - Security event detected,user69
164,2024-06-23,SQL Injection,high,closed,Incident 164 - Security event detected,user10
165,2024-08-22,Malware,medium,in-progress,Incident 165 - Security event detected,user11
166,2021-09-18,Ransomware,medium,resolved,Incident 166 - Security event detected,user61
167,2022-11-03,Ransomware,medium,closed,Incident 167 - Security event detected,user39
168,2021-06-26,Phishing,critical,resolved,Incident 168 - Security event detected,user27
169,2024-07-15,Phishing,critical,closed,Incident 169 - Security event detected,user60
170,2021-12-05,Phishing,low,closed,Incident 170 - Security event detected,user15
171,2023-05-08,SQL Injection,low,in-progress,Incident 171 - Security event detected,user18
172,2020-08-25,Data Breach,medium,in-progress,Incident 172 - Security event detected,user45
173,2020-11-02,DDoS,low,open,Incident 173 - Security event detected,user96
174,2022-09-07,Social Engineering,medium,in-progress,Incident 174 - Security event detected,user9
175,2023-08-13,Ransomware,medium,in-progress,Incident 175 - Security event detected,user69
176,2022-09-12,Phishing,medium,resolved,Incident 176 - Security event detected,user55
177,2023-07-10,Ransomware,low,resolved,Incident 177 - Security event detected,user16
178,2021-04-18,Ransomware,low,open,Incident 178 - Security event detected,user32
179,2020-06-17,Social Engineering,high,resolved,Incident 179 - Security event detected,user19
180,2021-11-02,Phishing,high,resolved,Incident 180 - Security event detected,user77
181,2021-10-05,DDoS,medium,open,Incident 181 - Security event detected,user19
182,2024-11-23,Ransomware,high,resolved,Incident 182 - Security event detected,user11
183,2021-04-16,SQL Injection,medium,open,Incident 183 - Security event detected,user46
184,2023-07-27,SQL Injection,critical,resolved,Incident 184 - Security event detected,user19
185,2021-05-28,SQL Injection,critical,in-progress,Incident 185 - Security event detected,user14
186,2024-06-10,Social Engineering,critical,resolved,Incident 186 - Security event detected,user26
187,2020-01-27,SQL Injection,medium,open,Incident 187 - Security event detected,user37
188,2024-03-04,Malware,medium,open,Incident 188 - Security event detected,user32
189,2024-06-03,Data Breach,critical,open,Incident 189 - Security event detected,user69
190,2020-10-01,Phishing,medium,closed,Incident 190 - Security event detected,user39
191,2024-10-07,Data Breach,high,closed,Incident 191 - Security event detected,user100
192,2024-05-18,DDoS,critical,in-progress,Incident 192 - Security event detected,user25
193,2021-09-10,Malware,medium,closed,Incident 193 - Security event detected,user59
194,2020-08-26,DDoS,high,resolved,Incident 194 - Security event detected,user15
195,2020-09-22,DDoS,critical,open,Incident 195 - Security event detected,user25
196,2023-11-30,Ransomware,medium,open,Incident 196 - Security event detected,user57
197,2020-09-23,Malware,critical,closed,Incident 197 - Security event detected,user74
198,2021-05-23,Ransomware,critical,resolved,Incident 198 - Security event detected,user100
199,2020-06-18,Malware,high,resolved,Incident 199 - Security event detected,user49
200,2020-07-16,Phishing,low,open,Incident 200 - Security event detected,user31
201,2022-02-20,Malware,medium,closed,Incident 201 - Security event detected,user76
202,2023-08-27,Data Breach,high,resolved,Incident 202 - Security event detected,user87
203,2021-03-23,Phishing,high,resolved,Incident 203 - Security event detected,user50
204,2020-02-15,Ransomware,critical,resolved,Incident 204 - Security event detected,user59
205,2024-03-17,DDoS,medium,in-progress,Incident 205 - Security event detected,user65
206,2021-06-06,SQL Injection,medium,resolved,Incident 206 - Security event detected,user56
207,2020-11-22,Malware,medium,open,Incident 207 - Security event detected,user79
208,2020-05-08,DDoS,low,open,Incident 208 - Security event detected,user84
209,2023-03-19,Ransomware,critical,in-progress,Incident 209 - Security event detected,user9
210,2023-09-23,Malware,medium,open,Incident 210 - Security event detected,user79
211,2021-12-22,DDoS,high,open,Incident 211 - Security event detected,user12
212,2020-11-26,Data Breach,high,resolved,Incident 212 - Security event detected,user84
213,2022-05-22,Malware,low,closed,Incident 213 - Security event detected,user65
214,2024-02-25,Ransomware,critical,in-progress,Incident 214 - Security event detected,user22
215,2024-09-22,Phishing,critical,resolved,Incident 215 - Security event detected,user40
216,2023-03-02,DDoS,medium,closed,Incident 216 - Security event detected,user92
217,2020-10-11,SQL Injection,critical,open,Incident 217 - Security event detected,user86
218,2023-07-03,Malware,medium,resolved,Incident 218 - Security event detected,user96
219,2022-01-13,SQL Injection,medium,closed,Incident 219 - Security event detected,user17
220,2020-10-21,DDoS,critical,resolved,Incident 220 - Security event detected,user66
221,2023-01-19,SQL Injection,high,open,Incident 221 - Security event detected,user24
222,2023-06-25,Ransomware,critical,closed,Incident 222 - Security event detected,user54
223,2020-12-15,Malware,low,open,Incident 223 - Security event detected,user9
224,2021-03-12,SQL Injection,low,open,Incident 224 - Security event detected,user53
225,2023-11-11,Phishing,medium,in-progress,Incident 225 - Security event detected,user50
226,2020-06-14,Ransomware,high,resolved,Incident 226 - Security event detected,user2
227,2024-06-28,DDoS,medium,resolved,Incident 227 - Security event detected,user3
228,2022-03-13,DDoS,low,closed,Incident 228 - Security event detected,user78
229,2021-04-09,Ransomware,high,open,Incident 229 - Security event detected,user15
230,2023-05-08,SQL Injection,low,closed,Incident 230 - Security event detected,user89
231,2022-01-30,Ransomware,low,in-progress,Incident 231 - Security event detected,user88
232,2024-03-19,Social Engineering,critical,resolved,Incident 232 - Security event detected,user62
233,2020-08-07,Phishing,medium,in-progress,Incident 233 - Security event detected,user31
234,2024-08-02,DDoS,high,resolved,Incident 234 - Security event detected,user31
235,2022-04-21,Ransomware,critical,open,Incident 235 - Security event detected,user64
236,2023-06-27,DDoS,medium,closed,Incident 236 - Security event detected,user75
237,2021-10-20,Ransomware,low,open,Incident 237 - Security event detected,user86
238,2023-04-13,DDoS,high,in-progress,Incident 238 - Security event detected,user92
239,2020-08-11,Ransomware,critical,resolved,Incident 239 - Security event detected,user1
240,2020-10-07,Data Breach,medium,resolved,Incident 240 - Security event detected,user32
241,2022-10-22,DDoS,high,resolved,Incident 241 - Security event detected,user14
242,2024-02-06,Social Engineering,high,resolved,Incident 242 - Security event detected,user41
243,2024-05-11,SQL Injection,medium,resolved,Incident 243 - Security event detected,user66
244,2024-08-30,SQL Injection,low,closed,Incident 244 - Security event detected,user53
245,2024-10-24,Malware,medium,resolved,Incident 245 - Security event detected,user38
246,2022-05-23,Malware,medium,closed,Incident 246 - Security event detected,user67
247,2022-04-27,Phishing,low,in-progress,Incident 247 - Security event detected,user81
248,2021-09-10,Ransomware,high,resolved,Incident 248 - Security event detected,user89
249,2023-03-11,Data Breach,low,open,Incident 249 - Security event detected,user79
250,2021-09-08,SQL Injection,medium,closed,Incident 250 - Security event detected,user34
251,2023-05-25,Social Engineering,high,in-progress,Incident 251 - Security event detected,user91
252,2022-10-11,Ransomware,critical,closed,Incident 252 - Security event detected,user22
253,2023-03-01,SQL Injection,low,resolved,Incident 253 - Security event detected,user26
254,2020-07-19,Phishing,low,closed,Incident 254 - Security event detected,user55
255,2021-11-01,Ransomware,medium,resolved,Incident 255 - Security event detected,user62
256,2020-07-21,SQL Injection,critical,open,Incident 256 - Security event detected,user57
257,2023-02-09,Data Breach,low,closed,Incident 257 - Security event detected,user92
258,2022-02-11,DDoS,medium,in-progress,Incident 258 - Security event detected,user12
259,2022-05-14,DDoS,critical,open,Incident 259 - Security event detected,user62
260,2021-01-26,Data Breach,medium,open,Incident 260 - Security event detected,user96
261,2024-09-11,SQL Injection,medium,resolved,Incident 261 - Security event detected,user2
262,2022-12-10,Social Engineering,high,open,Incident 262 - Security event detected,user21
263,2022-02-13,DDoS,low,resolved,Incident 263 - Security event detected,user14
264,2023-03-16,Phishing,medium,closed,Incident 264 - Security event detected,user61
265,2021-11-07,Ransomware,critical,resolved,Incident 265 - Security event detected,user71
266,2022-04-27,SQL Injection,medium,closed,Incident 266 - Security event detected,user35
267,2023-08-26,Data Breach,low,closed,Incident 267 - Security event detected,user70
268,2021-07-31,Ransomware,high,closed,Incident 268 - Security event detected,user59
269,2022-01-23,Data Breach,critical,closed,Incident 269 - Security event detected,user58
270,2020-03-02,Malware,low,resolved,Incident 270 - Security event detected,user81
271,2023-03-08,Malware,high,open,Incident 271 - Security event detected,user74
272,2022-04-04,Ransomware,low,in-progress,Incident 272 - Security event detected,user35
273,2024-07-14,Social Engineering,high,in-progress,Incident 273 - Security event detected,user76
274,2020-02-19,Data Breach,high,closed,Incident 274 - Security event detected,user19
275,2023-02-01,Malware,critical,in-progress,Incident 275 - Security event detected,user56
276,2022-08-22,Data Breach,low,closed,Incident 276 - Security event detected,user45
277,2023-02-05,Phishing,low,closed,Incident 277 - Security event detected,user76
278,2023-07-16,Malware,high,in-progress,Incident 278 - Security event detected,user73
279,2021-12-24,SQL Injection,high,in-progress,Incident 279 - Security event detected,user97
280,2023-01-02,Phishing,high,resolved,Incident 280 - Security event detected,user79
281,2022-06-01,Malware,high,in-progress,Incident 281 - Security event detected,user33
282,2022-12-31,Social Engineering,low,closed,Incident 282 - Security event detected,user32
283,2023-10-27,Phishing,medium,in-progress,Incident 283 - Security event detected,user23
284,2020-04-09,Malware,low,open,Incident 284 - Security event detected,user33
285,2021-10-15,Data Breach,medium,closed,Incident 285 - Security event detected,user25
286,2022-01-07,Phishing,low,open,Incident 286 - Security event detected,user69
287,2023-06-24,Ransomware,high,open,Incident 287 - Security event detected,user85
288,2024-01-05,Phishing,critical,open,Incident 288 - Security event detected,user65
289,2024-05-24,Malware,high,closed,Incident 289 - Security event detected,user69
290,2024-06-28,Ransomware,medium,closed,Incident 290 - Security event detected,user91
291,2023-07-09,SQL Injection,low,resolved,Incident 291 - Security event detected,user18
292,2021-12-04,Malware,high,closed,Incident 292 - Security event detected,user20
293,2023-05-19,DDoS,low,resolved,Incident 293 - Security event detected,user52
294,2023-04-30,Ransomware,high,resolved,Incident 294 - Security event detected,user22
295,2020-09-20,DDoS,low,resolved,Incident 295 - Security event detected,user4
296,2020-07-12,Ransomware,critical,resolved,Incident 296 - Security event detected,user87
297,2023-05-23,Phishing,critical,in-progress,Incident 297 - Security event detected,user45
298,2021-05-02,Phishing,low,resolved,Incident 298 - Security event detected,user87
299,2021-12-01,SQL Injection,critical,in-progress,Incident 299 - Security event detected,user98
300,2023-06-03,Social Engineering,low,in-progress,Incident 300 - Security event detected,user42
301,2024-10-01,SQL Injection,high,open,Incident 301 - Security event detected,user73
302,2023-04-08,SQL Injection,critical,open,Incident 302 - Security event detected,user39
303,2024-10-29,DDoS,critical,open,Incident 303 - Security event detected,user67
304,2022-08-29,SQL Injection,low,in-progress,Incident 304 - Security event detected,user75
305,2021-04-16,Ransomware,high,closed,Incident 305 - Security event detected,user83
306,2022-04-03,Social Engineering,low,closed,Incident 306 - Security event detected,user76
307,2022-07-30,Phishing,medium,resolved,Incident 307 - Security event detected,user87
308,2020-05-11,Social Engineering,low,open,Incident 308 - Security event detected,user73
309,2021-08-06,SQL Injection,low,closed,Incident 309 - Security event detected,user92
310,2023-06-13,Ransomware,low,in-progress,Incident 310 - Security event detected,user90
311,2020-08-12,Phishing,critical,resolved,Incident 311 - Security event detected,user45
312,2021-09-27,SQL Injection,high,in-progress,Incident 312 - Security event detected,user64
313,2023-09-06,Malware,high,open,Incident 313 - Security event detected,user21
314,2020-05-14,SQL Injection,low,in-progress,Incident 314 - Security event detected,user95
315,2021-01-14,Ransomware,medium,in-progress,Incident 315 - Security event detected,user27
316,2024-02-16,SQL Injection,medium,resolved,Incident 316 - Security event detected,user24
317,2024-08-24,Ransomware,medium,closed,Incident 317 - Security event detected,user89
318,2020-09-30,Social Engineering,low,in-progress,Incident 318 - Security event detected,user31
319,2024-06-21,Ransomware,low,open,Incident 319 - Security event detected,user34
320,2023-02-05,SQL Injection,low,open,Incident 320 - Security event detected,user47
321,2022-04-24,Data Breach,critical,resolved,Incident 321 - Security event detected,user6
322,2021-06-04,Phishing,critical,open,Incident 322 - Security event detected,user26
323,2023-04-04,Malware,critical,open,Incident 323 - Security event detected,user82
324,2021-05-15,Phishing,low,closed,Incident 324 - Security event detected,user33
325,2024-04-20,DDoS,low,open,Incident 325 - Security event detected,user12
326,2023-10-25,Ransomware,medium,in-progress,Incident 326 - Security event detected,user56
327,2023-04-17,Malware,high,in-progress,Incident 327 - Security event detected,user46
328,2020-07-13,SQL Injection,low,open,Incident 328 - Security event detected,user46
329,2020-04-15,Social Engineering,medium,resolved,Incident 329 - Security event detected,user62
330,2022-05-21,Social Engineering,critical,in-progress,Incident 330 - Security event detected,user79
331,2021-12-19,Ransomware,medium,resolved,Incident 331 - Security event detected,user65
332,2023-12-25,Ransomware,low,open,Incident 332 - Security event detected,user71
333,2022-10-24,DDoS,high,resolved,Incident 333 - Security event detected,user70
334,2022-01-22,Social Engineering,medium,in-progress,Incident 334 - Security event detected,user15
335,2023-06-28,Phishing,high,in-progress,Incident 335 - Security event detected,user75
336,2024-01-18,Data Breach,high,in-progress,Incident 336 - Security event detected,user12
337,2021-05-30,SQL Injection,high,closed,Incident 337 - Security event detected,user78
338,2022-01-28,Malware,critical,closed,Incident 338 - Security event detected,user18
339,2024-04-16,SQL Injection,critical,closed,Incident 339 - Security event detected,user10
340,2020-11-16,Social Engineering,high,open,Incident 340 - Security event detected,user6
341,2023-06-23,Data Breach,high,resolved,Incident 341 - Security event detected,user10
342,2021-07-24,Malware,high,resolved,Incident 342 - Security event detected,user10
343,2021-06-19,Malware,critical,resolved,Incident 343 - Security event detected,user15
344,2022-01-04,Data Breach,low,in-progress,Incident 344 - Security event detected,user69
345,2021-07-11,Social Engineering,critical,resolved,Incident 345 - Security event detected,user78
346,2020-06-02,Ransomware,critical,in-progress,Incident 346 - Security event detected,user2
347,2022-01-25,Social Engineering,critical,closed,Incident 347 - Security event detected,user98
348,2020-04-14,Social Engineering,low,in-progress,Incident 348 - Security event detected,user5
349,2023-09-05,Phishing,critical,resolved,Incident 349 - Security event detected,user19
350,2020-09-11,DDoS,medium,closed,Incident 350 - Security event detected,user72
351,2020-08-29,DDoS,high,closed,Incident 351 - Security event detected,user99
352,2023-03-08,Data Breach,critical,resolved,Incident 352 - Security event detected,user33
353,2022-08-16,Data Breach,low,in-progress,Incident 353 - Security event detected,user42
354,2024-08-03,Malware,high,open,Incident 354 - Security event detected,user83
355,2021-05-31,DDoS,low,in-progress,Incident 355 - Security event detected,user43
356,2022-10-02,Malware,critical,resolved,Incident 356 - Security event detected,user87
357,2024-02-22,DDoS,low,closed,Incident 357 - Security event detected,user9
358,2023-04-12,DDoS,low,in-progress,Incident 358 - Security event detected,user93
359,2022-09-25,DDoS,medium,open,Incident 359 - Security event detected,user6
360,2020-02-05,DDoS,critical,closed,Incident 360 - Security event detected,user20
361,2023-04-05,Malware,low,closed,Incident 361 - Security event detected,user66
362,2021-04-29,SQL Injection,medium,in-progress,Incident 362 - Security event detected,user65
363,2022-07-21,Social Engineering,critical,open,Incident 363 - Security event detected,user60
364,2022-02-20,Social Engineering,critical,open,Incident 364 - Security event detected,user30
365,2021-12-12,Data Breach,medium,resolved,Incident 365 - Security event detected,user48
366,2021-10-29,Ransomware,high,closed,Incident 366 - Security event detected,user87
367,2024-08-15,Social Engineering,high,in-progress,Incident 367 - Security event detected,user86
368,2021-05-15,Data Breach,medium,open,Incident 368 - Security event detected,user79
369,2022-01-25,Data Breach,critical,closed,Incident 369 - Security event detected,user93
370,2024-04-18,Malware,low,resolved,Incident 370 - Security event detected,user78
371,2021-04-26,Phishing,high,resolved,Incident 371 - Security event detected,user89
372,2022-11-24,Phishing,critical,open,Incident 372 - Security event detected,user9
373,2022-10-10,Data Breach,critical,closed,Incident 373 - Security event detected,user34
374,2023-09-05,Social Engineering,medium,in-progress,Incident 374 - Security event detected,user24
375,2022-04-13,Ransomware,high,closed,Incident 375 - Security event detected,user31
376,2024-10-27,SQL Injection,high,open,Incident 376 - Security event detected,user88
377,2020-01-30,Phishing,low,resolved,Incident 377 - Security event detected,user27
378,2021-02-22,SQL Injection,low,in-progress,Incident 378 - Security event detected,user95
379,2020-06-20,Social Engineering,critical,open,Incident 379 - Security event detected,user93
380,2020-08-04,SQL Injection,critical,closed,Incident 380 - Security event detected,user95
381,2020-01-17,Malware,low,open,Incident 381 - Security event detected,user74
382,2023-04-05,Social Engineering,medium,closed,Incident 382 - Security event detected,user95
383,2023-01-09,Ransomware,high,open,Incident 383 - Security event detected,user49
384,2020-08-29,Ransomware,critical,in-progress,Incident 384 - Security event detected,user45
385,2021-12-07,Social Engineering,low,closed,Incident 385 - Security event detected,user55
386,2024-05-19,Phishing,critical,open,Incident 386 - Security event detected,user50
387,2022-02-12,Phishing,critical,open,Incident 387 - Security event detected,user65
388,2021-09-13,Social Engineering,medium,closed,Incident 388 - Security event detected,user54
389,2021-06-07,DDoS,medium,in-progress,Incident 389 - Security event detected,user66
390,2024-08-21,Ransomware,critical,in-progress,Incident 390 - Security event detected,user35
391,2023-05-08,Phishing,medium,open,Incident 391 - Security event detected,user22
392,2024-12-10,Data Breach,medium,resolved,Incident 392 - Security event detected,user87
393,2024-03-09,DDoS,low,resolved,Incident 393 - Security event detected,user47
394,2023-08-19,Ransomware,low,in-progress,Incident 394 - Security event detected,user30
395,2023-04-10,Ransomware,high,open,Incident 395 - Security event detected,user84
396,2021-10-23,SQL Injection,medium,open,Incident 396 - Security event detected,user6
397,2022-09-16,Malware,high,closed,Incident 397 - Security event detected,user29
398,2021-02-12,Phishing,low,open,Incident 398 - Security event detected,user15
399,2021-11-10,Malware,critical,closed,Incident 399 - Security event detected,user15
400,2022-02-19,Ransomware,low,resolved,Incident 400 - Security event detected,user23
401,2024-09-07,Ransomware,medium,in-progress,Incident 401 - Security event detected,user24
402,2020-08-27,DDoS,medium,in-progress,Incident 402 - Security event detected,user20
403,2021-09-19,Social Engineering,critical,resolved,Incident 403 - Security event detected,user60
404,2024-08-23,Phishing,low,open,Incident 404 - Security event detected,user18
405,2021-12-28,DDoS,high,open,Incident 405 - Security event detected,user81
406,2023-02-28,SQL Injection,medium,resolved,Incident 406 - Security event detected,user93
407,2023-11-05,Malware,critical,resolved,Incident 407 - Security event detected,user10
408,2020-05-13,Phishing,critical,open,Incident 408 - Security event detected,user82
409,2020-05-19,Data Breach,medium,closed,Incident 409 - Security event detected,user29
410,2021-11-29,SQL Injection,critical,closed,Incident 410 - Security event detected,user24
411,2024-10-26,DDoS,low,in-progress,Incident 411 - Security event detected,user29
412,2022-08-12,SQL Injection,critical,open,Incident 412 - Security event detected,user62
413,2024-05-23,Phishing,high,resolved,Incident 413 - Security event detected,user81
414,2021-06-07,SQL Injection,high,in-progress,Incident 414 - Security event detected,user90
415,2024-11-11,DDoS,high,in-progress,Incident 415 - Security event detected,user7
416,2022-01-04,Ransomware,low,closed,Incident 416 - Security event detected,user55
417,2022-11-29,Social Engineering,critical,in-progress,Incident 417 - Security event detected,user31
418,2020-06-25,Malware,medium,open,Incident 418 - Security event detected,user8
419,2023-07-31,DDoS,low,open,Incident 419 - Security event detected,user67
420,2021-10-27,Phishing,critical,resolved,Incident 420 - Security event detected,user88
421,2022-01-13,Data Breach,high,in-progress,Incident 421 - Security event detected,user37
422,2023-02-25,Ransomware,critical,open,Incident 422 - Security event detected,user1
423,2024-05-01,SQL Injection,high,in-progress,Incident 423 - Security event detected,user91
424,2021-01-12,Malware,low,closed,Incident 424 - Security event detected,user10
425,2021-07-03,Ransomware,medium,open,Incident 425 - Security event detected,user92
426,2020-04-18,Social Engineering,high,closed,Incident 426 - Security event detected,user62
427,2022-11-03,Phishing,low,in-progress,Incident 427 - Security event detected,user54
428,2022-06-11,SQL Injection,high,open,Incident 428 - Security event detected,user9
429,2020-04-08,SQL Injection,low,resolved,Incident 429 - Security event detected,user32
430,2022-01-04,SQL Injection,critical,open,Incident 430 - Security event detected,user46
431,2023-12-25,DDoS,low,open,Incident 431 - Security event detected,user9
432,2024-10-08,Phishing,low,resolved,Incident 432 - Security event detected,user79
433,2023-06-09,Social Engineering,low,resolved,Incident 433 - Security event detected,user42
434,2021-07-16,Ransomware,high,resolved,Incident 434 - Security event detected,user67
435,2023-09-02,Social Engineering,high,open,Incident 435 - Security event detected,user51
436,2023-03-07,Ransomware,high,resolved,Incident 436 - Security event detected,user19
437,2020-04-28,Phishing,critical,open,Incident 437 - Security event detected,user88
438,2021-10-31,SQL Injection,medium,open,Incident 438 - Security event detected,user20
439,2021-09-08,SQL Injection,medium,open,Incident 439 - Security event detected,user30
440,2023-06-14,SQL Injection,medium,open,Incident 440 - Security event detected,user12
441,2021-03-06,Malware,critical,open,Incident 441 - Security event detected,user31
442,2022-06-13,SQL Injection,medium,closed,Incident 442 - Security event detected,user46
443,2021-11-12,Phishing,high,closed,Incident 443 - Security event detected,user94
444,2022-09-07,SQL Injection,critical,resolved,Incident 444 - Security event detected,user42
445,2024-07-13,Phishing,medium,open,Incident 445 - Security event detected,user26
446,2023-09-23,Data Breach,critical,closed,Incident 446 - Security event detected,user78
447,2020-12-16,Social Engineering,high,in-progress,Incident 447 - Security event detected,user10
448,2023-07-03,Ransomware,critical,in-progress,Incident 448 - Security event detected,user90
449,2020-04-10,Ransomware,low,open,Incident 449 - Security event detected,user59
450,2020-06-23,Malware,high,closed,Incident 450 - Security event detected,user78
451,2024-11-23,Phishing,critical,resolved,Incident 451 - Security event detected,user14
452,2024-12-06,Data Breach,high,closed,Incident 452 - Security event detected,user84
453,2023-10-14,Social Engineering,critical,open,Incident 453 - Security event detected,user94
454,2022-04-11,Social Engineering,high,in-progress,Incident 454 - Security event detected,user47
455,2023-12-31,Phishing,low,resolved,Incident 455 - Security event detected,user27
456,2020-03-24,Ransomware,medium,open,Incident 456 - Security event detected,user87
457,2020-04-09,Phishing,critical,closed,Incident 457 - Security event detected,user81
458,2024-02-03,Phishing,high,closed,Incident 458 - Security event detected,user32
459,2024-05-23,Social Engineering,critical,open,Incident 459 - Security event detected,user89
460,2023-02-05,Phishing,medium,resolved,Incident 460 - Security event detected,user72
461,2023-02-24,SQL Injection,medium,in-progress,Incident 461 - Security event detected,user28
462,2022-04-30,Phishing,high,closed,Incident 462 - Security event detected,user66
463,2022-07-13,Social Engineering,medium,closed,Incident 463 - Security event detected,user74
464,2023-05-21,Malware,low,resolved,Incident 464 - Security event detected,user33
465,2024-12-03,SQL Injection,medium,closed,Incident 465 - Security event detected,user82
466,2024-03-12,Phishing,medium,resolved,Incident 466 - Security event detected,user36
467,2021-02-01,Phishing,critical,in-progress,Incident 467 - Security event detected,user29
468,2023-03-22,Social Engineering,high,closed,Incident 468 - Security event detected,user96
469,2021-12-02,Data Breach,high,closed,Incident 469 - Security event detected,user84
470,2024-12-08,Phishing,medium,closed,Incident 470 - Security event detected,user70
471,2020-02-09,Ransomware,critical,resolved,Incident 471 - Security event detected,user27
472,2023-07-20,Data Breach,low,in-progress,Incident 472 - Security event detected,user93
473,2024-03-10,Malware,medium,closed,Incident 473 - Security event detected,user48
474,2024-10-10,Ransomware,high,open,Incident 474 - Security event detected,user16
475,2021-05-07,Ransomware,low,closed,Incident 475 - Security event detected,user32
476,2024-08-21,Malware,medium,in-progress,Incident 476 - Security event detected,user44
477,2022-01-01,Data Breach,low,closed,Incident 477 - Security event detected,user80
478,2020-05-30,Data Breach,low,in-progress,Incident 478 - Security event detected,user7
479,2021-07-09,DDoS,critical,in-progress,Incident 479 - Security event detected,user66
480,2020-12-07,SQL Injection,high,open,Incident 480 - Security event detected,user100
481,2022-08-26,Social Engineering,low,open,Incident 481 - Security event detected,user66
482,2022-06-04,DDoS,high,resolved,Incident 482 - Security event detected,user35
483,2023-10-16,Social Engineering,low,resolved,Incident 483 - Security event detected,user82
484,2023-02-03,Malware,medium,resolved,Incident 484 - Security event detected,user90
485,2022-08-31,Malware,high,open,Incident 485 - Security event detected,user42
486,2020-04-02,SQL Injection,low,open,Incident 486 - Security event detected,user44
487,2024-09-16,DDoS,medium,in-progress,Incident 487 - Security event detected,user88
488,2020-12-16,Social Engineering,low,in-progress,Incident 488 - Security event detected,user27
489,2023-11-07,SQL Injection,medium,closed,Incident 489 - Security event detected,user53
490,2022-01-22,Malware,low,resolved,Incident 490 - Security event detected,user87
491,2020-07-14,Malware,critical,resolved,Incident 491 - Security event detected,user1
492,2023-03-15,Phishing,medium,closed,Incident 492 - Security event detected,user18
493,2024-12-14,Social Engineering,medium,in-progress,Incident 493 - Security event detected,user49
494,2020-01-18,Ransomware,high,closed,Incident 494 - Security event detected,user87
495,2024-05-12,Data Breach,medium,closed,Incident 495 - Security event detected,user40
496,2022-04-04,Social Engineering,critical,resolved,Incident 496 - Security event detected,user87
497,2021-03-25,DDoS,critical,open,Incident 497 - Security event detected,user41
498,2020-08-23,SQL Injection,medium,resolved,Incident 498 - Security event detected,user42
499,2020-05-23,Ransomware,high,resolved,Incident 499 - Security event detected,user6
500,2021-07-07,Data Breach,medium,open,Incident 500 - Security event detected,user40
501,2021-03-06,DDoS,high,resolved,Incident 501 - Security event detected,user82
502,2021-02-16,DDoS,low,in-progress,Incident 502 - Security event detected,user65
503,2022-12-13,SQL Injection,high,open,Incident 503 - Security event detected,user10
504,2021-08-22,Data Breach,medium,in-progress,Incident 504 - Security event detected,user70
505,2022-11-14,Ransomware,high,open,Incident 505 - Security event detected,user85
506,2021-12-06,SQL Injection,medium,open,Incident 506 - Security event detected,user21
507,2020-07-17,DDoS,medium,in-progress,Incident 507 - Security event detected,user82
508,2024-09-07,Ransomware,low,open,Incident 508 - Security event detected,user7
509,2024-03-20,Phishing,medium,closed,Incident 509 - Security event detected,user60
510,2024-09-25,Phishing,low,closed,Incident 510 - Security event detected,user31
511,2020-05-19,DDoS,medium,resolved,Incident 511 - Security event detected,user93
512,2021-07-29,DDoS,low,resolved,Incident 512 - Security event detected,user67
513,2020-03-24,Phishing,high,resolved,Incident 513 - Security event detected,user57
514,2023-01-08,Ransomware,high,closed,Incident 514 - Security event detected,user48
515,2022-09-14,Malware,critical,in-progress,Incident 515 - Security event detected,user75
516,2021-04-14,Malware,high,resolved,Incident 516 - Security event detected,user63
517,2024-03-16,SQL Injection,low,open,Incident 517 - Security event detected,user15
518,2020-04-03,SQL Injection,critical,in-progress,Incident 518 - Security event detected,user53
519,2020-04-06,Malware,low,in-progress,Incident 519 - Security event detected,user31
520,2022-05-28,DDoS,medium,in-progress,Incident 520 - Security event detected,user100
521,2024-04-14,Phishing,medium,in-progress,Incident 521 - Security event detected,user75
522,2020-11-14,Data Breach,medium,in-progress,Incident 522 - Security event detected,user39
523,2023-02-07,SQL Injection,high,open,Incident 523 - Security event detected,user100
524,2023-10-25,Social Engineering,high,closed,Incident 524 - Security event detected,user26
525,2020-01-31,Data Breach,critical,in-progress,Incident 525 - Security event detected,user66
526,2023-05-12,Data Breach,high,closed,Incident 526 - Security event detected,user57
527,2023-09-23,Social Engineering,critical,open,Incident 527 - Security event detected,user87
528,2022-06-05,SQL Injection,low,closed,Incident 528 - Security event detected,user100
529,2023-08-14,Data Breach,low,in-progress,Incident 529 - Security event detected,user85
530,2020-03-17,Ransomware,high,open,Incident 530 - Security event detected,user30
531,2021-04-01,Data Breach,critical,in-progress,Incident 531 - Security event detected,user7
532,2020-07-10,Malware,high,in-progress,Incident 532 - Security event detected,user4
533,2020-01-26,Malware,low,in-progress,Incident 533 - Security event detected,user24
534,2021-02-16,Social Engineering,low,resolved,Incident 534 - Security event detected,user76
535,2024-05-07,DDoS,critical,closed,Incident 535 - Security event detected,user26
536,2023-10-23,Malware,critical,resolved,Incident 536 - Security event detected,user97
537,2023-08-08,DDoS,medium,open,Incident 537 - Security event detected,user1
538,2021-07-07,Ransomware,low,in-progress,Incident 538 - Security event detected,user46
539,2020-10-19,Data Breach,critical,in-progress,Incident 539 - Security event detected,user81
540,2021-03-31,Social Engineering,low,closed,Incident 540 - Security event detected,user9
541,2023-12-24,Data Breach,high,open,Incident 541 - Security event detected,user49
542,2024-08-11,Phishing,low,in-progress,Incident 542 - Security event detected,user79
543,2023-08-06,SQL Injection,medium,open,Incident 543 - Security event detected,user38
544,2023-11-21,Phishing,critical,in-progress,Incident 544 - Security event detected,user17
545,2023-10-20,Malware,medium,open,Incident 545 - Security event detected,user18
546,2022-01-02,SQL Injection,critical,resolved,Incident 546 - Security event detected,user53
547,2023-01-26,Ransomware,critical,resolved,Incident 547 - Security event detected,user20
548,2024-08-28,Data Breach,critical,resolved,Incident 548 - Security event detected,user66
549,2020-02-23,DDoS,medium,resolved,Incident 549 - Security event detected,user56
550,2020-06-16,Malware,medium,in-progress,Incident 550 - Security event detected,user4
551,2021-04-14,Social Engineering,medium,in-progress,Incident 551 - Security event detected,user23
552,2021-04-05,Phishing,medium,open,Incident 552 - Security event detected,user90
553,2024-12-04,Social Engineering,high,in-progress,Incident 553 - Security event detected,user78
554,2023-05-22,Social Engineering,high,closed,Incident 554 - Security event detected,user97
555,2020-09-20,SQL Injection,medium,closed,Incident 555 - Security event detected,user27
556,2024-02-20,Ransomware,high,closed,Incident 556 - Security event detected,user11
557,2022-01-07,Data Breach,high,in-progress,Incident 557 - Security event detected,user78
558,2022-12-25,SQL Injection,high,in-progress,Incident 558 - Security event detected,user4
559,2023-02-06,SQL Injection,medium,in-progress,Incident 559 - Security event detected,user90
560,2023-02-07,Data Breach,critical,resolved,Incident 560 - Security event detected,user36
561,2021-09-04,Ransomware,high,open,Incident 561 - Security event detected,user74
562,2021-09-22,Data Breach,critical,closed,Incident 562 - Security event detected,user23
563,2023-07-18,Ransomware,medium,open,Incident 563 - Security event detected,user57
564,2022-10-07,Malware,critical,open,Incident 564 - Security event detected,user37
565,2021-02-04,Ransomware,low,open,Incident 565 - Security event detected,user46
566,2020-01-28,SQL Injection,medium,open,Incident 566 - Security event detected,user14
567,2022-03-21,Social Engineering,medium,open,Incident 567 - Security event detected,user33
568,2024-05-09,Ransomware,low,in-progress,Incident 568 - Security event detected,user25
569,2024-06-20,Phishing,critical,open,Incident 569 - Security event detected,user28
570,2022-09-28,Malware,medium,resolved,Incident 570 - Security event detected,user23
571,2022-06-30,Malware,low,closed,Incident 571 - Security event detected,user46
572,2021-02-28,Social Engineering,low,closed,Incident 572 - Security event detected,user12
573,2023-03-22,DDoS,high,open,Incident 573 - Security event detected,user51
574,2022-05-05,Malware,medium,in-progress,Incident 574 - Security event detected,user55
575,2020-07-26,Malware,low,open,Incident 575 - Security event detected,user75
576,2024-08-28,Phishing,medium,open,Incident 576 - Security event detected,user5
577,2023-06-15,Malware,low,in-progress,Incident 577 - Security event detected,user79
578,2024-12-28,Phishing,medium,open,Incident 578 - Security event detected,user6
579,2023-07-12,Phishing,high,open,Incident 579 - Security event detected,user13
580,2022-11-03,Ransomware,low,resolved,Incident 580 - Security event detected,user74
581,2021-01-25,DDoS,medium,resolved,Incident 581 - Security event detected,user67
582,2023-05-17,Phishing,critical,resolved,Incident 582 - Security event detected,user88
583,2022-01-28,Malware,low,open,Incident 583 - Security event detected,user74
584,2024-09-17,SQL Injection,high,open,Incident 584 - Security event detected,user19
585,2022-07-08,Phishing,high,closed,Incident 585 - Security event detected,user46
586,2022-12-03,Ransomware,low,closed,Incident 586 - Security event detected,user95
587,2021-06-06,Ransomware,low,closed,Incident 587 - Security event detected,user24
588,2023-03-07,Phishing,low,resolved,Incident 588 - Security event detected,user83
589,2022-06-28,Social Engineering,medium,in-progress,Incident 589 - Security event detected,user50
590,2022-03-14,Data Breach,high,open,Incident 590 - Security event detected,user15
591,2020-04-27,Ransomware,low,in-progress,Incident 591 - Security event detected,user51
592,2023-06-05,Ransomware,critical,resolved,Incident 592 - Security event detected,user45
593,2022-02-21,DDoS,high,in-progress,Incident 593 - Security event detected,user35
594,2023-09-06,Data Breach,low,open,Incident 594 - Security event detected,user99
595,2022-07-27,Data Breach,high,closed,Incident 595 - Security event detected,user35
596,2024-04-14,Data Breach,low,resolved,Incident 596 - Security event detected,user29
597,2021-02-25,DDoS,medium,closed,Incident 597 - Security event detected,user50
598,2020-07-21,Ransomware,high,closed,Incident 598 - Security event detected,user50
599,2020-03-07,Malware,medium,open,Incident 599 - Security event detected,user22
600,2023-07-09,Ransomware,critical,open,Incident 600 - Security event detected,user32
601,2021-08-10,Phishing,low,closed,Incident 601 - Security event detected,user27
602,2024-05-11,Malware,critical,closed,Incident 602 - Security event detected,user55
603,2023-02-09,Malware,low,resolved,Incident 603 - Security event detected,user41
604,2024-01-21,Phishing,medium,in-progress,Incident 604 - Security event detected,user27
605,2024-03-27,SQL Injection,high,closed,Incident 605 - Security event detected,user41
606,2021-02-06,Data Breach,critical,closed,Incident 606 - Security event detected,user97
607,2021-05-13,Social Engineering,high,in-progress,Incident 607 - Security event detected,user72
608,2023-02-13,Data Breach,high,in-progress,Incident 608 - Security event detected,user49
609,2023-02-24,Ransomware,low,open,Incident 609 - Security event detected,user100
610,2020-09-17,Social Engineering,high,resolved,Incident 610 - Security event detected,user41
611,2020-07-20,SQL Injection,critical,open,Incident 611 - Security event detected,user59
612,2021-07-12,Ransomware,critical,in-progress,Incident 612 - Security event detected,user70
613,2023-04-10,Social Engineering,medium,resolved,Incident 613 - Security event detected,user87
614,2022-12-23,Data Breach,low,open,Incident 614 - Security event detected,user99
615,2022-05-14,Ransomware,critical,in-progress,Incident 615 - Security event detected,user85
616,2022-07-21,Social Engineering,critical,resolved,Incident 616 - Security event detected,user66
617,2023-10-07,Phishing,high,open,Incident 617 - Security event detected,user35
618,2024-07-31,Data Breach,medium,resolved,Incident 618 - Security event detected,user83
619,2022-08-02,Data Breach,critical,open,Incident 619 - Security event detected,user81
620,2023-02-03,DDoS,low,in-progress,Incident 620 - Security event detected,user78
621,2022-09-21,SQL Injection,critical,open,Incident 621 - Security event detected,user30
622,2022-12-13,SQL Injection,high,in-progress,Incident 622 - Security event detected,user35
623,2023-12-10,Ransomware,high,in-progress,Incident 623 - Security event detected,user100
624,2022-10-15,DDoS,high,in-progress,Incident 624 - Security event detected,user54
625,2024-01-11,Ransomware,medium,closed,Incident 625 - Security event detected,user5
626,2024-12-20,Malware,critical,open,Incident 626 - Security event detected,user57
627,2024-03-06,Data Breach,medium,closed,Incident 627 - Security event detected,user100
628,2021-06-19,Ransomware,low,resolved,Incident 628 - Security event detected,user13
629,2024-04-08,Phishing,low,in-progress,Incident 629 - Security event detected,user85
630,2024-05-12,DDoS,low,closed,Incident 630 - Security event detected,user68
631,2023-01-15,Phishing,critical,in-progress,Incident 631 - Security event detected,user12
632,2024-12-17,Data Breach,medium,open,Incident 632 - Security event detected,user44
633,2024-03-20,Ransomware,critical,open,Incident 633 - Security event detected,user34
634,2024-07-29,Malware,critical,in-progress,Incident 634 - Security event detected,user42
635,2020-08-28,Malware,critical,in-progress,Incident 635 - Security event detected,user87
636,2024-07-11,Malware,critical,closed,Incident 636 - Security event detected,user67
637,2020-06-18,Phishing,critical,resolved,Incident 637 - Security event detected,user62
638,2023-03-16,Malware,low,in-progress,Incident 638 - Security event detected,user19
639,2022-12-29,Phishing,high,in-progress,Incident 639 - Security event detected,user19
640,2020-06-10,Ransomware,high,open,Incident 640 - Security event detected,user79
641,2023-02-25,DDoS,critical,resolved,Incident 641 - Security event detected,user21
642,2024-10-21,Social Engineering,high,resolved,Incident 642 - Security event detected,user35
643,2022-06-11,Social Engineering,high,resolved,Incident 643 - Security event detected,user19
644,2022-01-09,Social Engineering,medium,closed,Incident 644 - Security event detected,user56
645,2023-05-06,SQL Injection,high,in-progress,Incident 645 - Security event detected,user6
646,2023-03-30,SQL Injection,medium,open,Incident 646 - Security event detected,user59
647,2021-06-12,Ransomware,critical,open,Incident 647 - Security event detected,user52
648,2024-08-01,DDoS,critical,in-progress,Incident 648 - Security event detected,user10
649,2020-01-22,SQL Injection,low,closed,Incident 649 - Security event detected,user82
650,2023-05-24,Ransomware,medium,in-progress,Incident 650 - Security event detected,user44
651,2024-03-28,Ransomware,critical,open,Incident 651 - Security event detected,user11
652,2022-01-10,Malware,critical,closed,Incident 652 - Security event detected,user31
653,2022-04-07,DDoS,critical,open,Incident 653 - Security event detected,user71
654,2024-03-16,Ransomware,critical,closed,Incident 654 - Security event detected,user27
655,2024-05-13,Data Breach,high,in-progress,Incident 655 - Security event detected,user75
656,2020-03-25,DDoS,low,closed,Incident 656 - Security event detected,user67
657,2022-03-26,Malware,high,in-progress,Incident 657 - Security event detected,user69
658,2024-08-09,Data Breach,critical,closed,Incident 658 - Security event detected,user68
659,2022-12-26,SQL Injection,low,closed,Incident 659 - Security event detected,user15
660,2020-07-12,SQL Injection,low,in-progress,Incident 660 - Security event detected,user51
661,2023-09-15,SQL Injection,medium,in-progress,Incident 661 - Security event detected,user90
662,2024-12-28,Data Breach,critical,open,Incident 662 - Security event detected,user38
663,2024-01-15,Ransomware,low,closed,Incident 663 - Security event detected,user50
664,2023-12-18,DDoS,low,closed,Incident 664 - Security event detected,user84
665,2021-06-17,Malware,low,open,Incident 665 - Security event detected,user19
666,2023-05-03,Malware,low,resolved,Incident 666 - Security event detected,user96
667,2024-04-20,Phishing,low,in-progress,Incident 667 - Security event detected,user81
668,2023-07-08,Phishing,critical,open,Incident 668 - Security event detected,user31
669,2021-01-22,DDoS,low,open,Incident 669 - Security event detected,user40
670,2022-01-09,DDoS,high,resolved,Incident 670 - Security event detected,user68
671,2021-06-14,Data Breach,low,in-progress,Incident 671 - Security event detected,user91
672,2023-07-23,Phishing,critical,in-progress,Incident 672 - Security event detected,user62
673,2020-11-21,Social Engineering,high,resolved,Incident 673 - Security event detected,user3
674,2023-12-14,Ransomware,high,resolved,Incident 674 - Security event detected,user57
675,2021-12-31,DDoS,low,in-progress,Incident 675 - Security event detected,user94
676,2020-07-22,Ransomware,medium,resolved,Incident 676 - Security event detected,user13
677,2024-07-23,Phishing,critical,open,Incident 677 - Security event detected,user85
678,2021-05-24,Data Breach,medium,closed,Incident 678 - Security event detected,user2
679,2023-02-08,Phishing,medium,resolved,Incident 679 - Security event detected,user23
680,2022-03-02,Ransomware,medium,open,Incident 680 - Security event detected,user44
681,2022-06-03,Malware,medium,resolved,Incident 681 - Security event detected,user64
682,2022-07-12,DDoS,high,in-progress,Incident 682 - Security event detected,user56
683,2021-11-18,DDoS,medium,open,Incident 683 - Security event detected,user77
684,2020-11-03,DDoS,medium,resolved,Incident 684 - Security event detected,user31
685,2020-04-02,Ransomware,high,in-progress,Incident 685 - Security event detected,user96
686,2024-01-02,Ransomware,high,resolved,Incident 686 - Security event detected,user70
687,2024-02-19,SQL Injection,critical,open,Incident 687 - Security event detected,user46
688,2024-01-14,Data Breach,critical,resolved,Incident 688 - Security event detected,user56
689,2024-12-10,Social Engineering,critical,open,Incident 689 - Security event detected,user45
690,2024-11-25,DDoS,high,resolved,Incident 690 - Security event detected,user80
691,2022-07-14,Social Engineering,critical,closed,Incident 691 - Security event detected,user100
692,2023-01-19,Malware,medium,closed,Incident 692 - Security event detected,user13
693,2023-01-07,Ransomware,medium,in-progress,Incident 693 - Security event detected,user16
694,2024-05-16,Malware,critical,closed,Incident 694 - Security event detected,user57
695,2024-09-02,DDoS,low,closed,Incident 695 - Security event detected,user50
696,2020-06-22,Malware,critical,in-progress,Incident 696 - Security event detected,user2
697,2023-01-25,Ransomware,low,open,Incident 697 - Security event detected,user12
698,2020-01-07,Ransomware,low,resolved,Incident 698 - Security event detected,user85
699,2020-10-01,Data Breach,low,open,Incident 699 - Security event detected,user15
700,2023-08-17,Malware,critical,open,Incident 700 - Security event detected,user69
701,2023-12-21,SQL Injection,high,open,Incident 701 - Security event detected,user12
702,2022-06-15,Malware,critical,closed,Incident 702 - Security event detected,user57
703,2020-02-07,Social Engineering,medium,in-progress,Incident 703 - Security event detected,user16
704,2020-03-20,SQL Injection,medium,resolved,Incident 704 - Security event detected,user35
705,2021-08-11,Phishing,medium,open,Incident 705 - Security event detected,user72
706,2024-10-20,Phishing,low,open,Incident 706 - Security event detected,user7
707,2024-12-11,Phishing,low,in-progress,Incident 707 - Security event detected,user89
708,2021-01-17,DDoS,medium,closed,Incident 708 - Security event detected,user43
709,2021-12-15,Phishing,high,in-progress,Incident 709 - Security event detected,user48
710,2024-07-13,Data Breach,low,closed,Incident 710 - Security event detected,user8
711,2022-11-24,SQL Injection,medium,resolved,Incident 711 - Security event detected,user94
712,2024-02-19,SQL Injection,critical,open,Incident 712 - Security event detected,user97
713,2020-12-25,Data Breach,high,closed,Incident 713 - Security event detected,user55
714,2024-04-27,Data Breach,medium,closed,Incident 714 - Security event detected,user95
715,2024-02-02,Malware,high,resolved,Incident 715 - Security event detected,user62
716,2024-10-05,Phishing,medium,in-progress,Incident 716 - Security event detected,user29
717,2021-08-18,Social Engineering,critical,closed,Incident 717 - Security event detected,user74
718,2022-09-16,Data Breach,low,closed,Incident 718 - Security event detected,user62
719,2024-08-23,Malware,critical,closed,Incident 719 - Security event detected,user100
720,2023-08-24,Phishing,critical,resolved,Incident 720 - Security event detected,user94
721,2023-05-22,DDoS,high,resolved,Incident 721 - Security event detected,user5
722,2022-01-31,Malware,low,resolved,Incident 722 - Security event detected,user52
723,2023-05-06,Social Engineering,high,resolved,Incident 723 - Security event detected,user37
724,2022-09-02,Malware,low,open,Incident 724 - Security event detected,user17
725,2023-01-02,Malware,medium,closed,Incident 725 - Security event detected,user84
726,2024-11-16,Social Engineering,low,in-progress,Incident 726 - Security event detected,user16
727,2021-03-19,Ransomware,medium,open,Incident 727 - Security event detected,user31
728,2020-01-04,Ransomware,medium,resolved,Incident 728 - Security event detected,user63
729,2021-02-14,Ransomware,high,open,Incident 729 - Security event detected,user64
730,2023-12-07,Phishing,low,in-progress,Incident 730 - Security event detected,user54
731,2022-05-25,Data Breach,critical,resolved,Incident 731 - Security event detected,user76
732,2020-12-25,DDoS,critical,closed,Incident 732 - Security event detected,user26
733,2024-06-10,DDoS,critical,resolved,Incident 733 - Security event detected,user29
734,2024-10-22,SQL Injection,low,closed,Incident 734 - Security event detected,user90
735,2021-11-23,SQL Injection,low,resolved,Incident 735 - Security event detected,user93
736,2022-07-20,DDoS,high,closed,Incident 736 - Security event detected,user78
737,2022-03-10,Social Engineering,medium,closed,Incident 737 - Security event detected,user98
738,2020-04-03,Phishing,medium,in-progress,Incident 738 - Security event detected,user53
739,2021-04-13,Phishing,low,closed,Incident 739 - Security event detected,user94
740,2022-07-17,Ransomware,low,closed,Incident 740 - Security event detected,user49
741,2021-06-19,Data Breach,critical,resolved,Incident 741 - Security event detected,user57
742,2021-03-12,DDoS,high,open,Incident 742 - Security event detected,user16
743,2023-07-14,Ransomware,critical,in-progress,Incident 743 - Security event detected,user80
744,2021-04-08,Ransomware,critical,open,Incident 744 - Security event detected,user42
745,2021-11-16,DDoS,critical,resolved,Incident 745 - Security event detected,user18
746,2022-09-22,Data Breach,medium,open,Incident 746 - Security event detected,user56
747,2023-09-30,Social Engineering,medium,closed,Incident 747 - Security event detected,user63
748,2022-05-28,SQL Injection,medium,closed,Incident 748 - Security event detected,user72
749,2023-04-27,Ransomware,low,in-progress,Incident 749 - Security event detected,user39
750,2024-01-03,Ransomware,medium,closed,Incident 750 - Security event detected,user40
751,2020-04-02,Data Breach,medium,in-progress,Incident 751 - Security event detected,user39
752,2024-01-09,Ransomware,medium,resolved,Incident 752 - Security event detected,user38
753,2020-09-27,Phishing,high,closed,Incident 753 - Security event detected,user92
754,2022-05-12,Social Engineering,critical,resolved,Incident 754 - Security event detected,user81
755,2024-09-01,Phishing,high,resolved,Incident 755 - Security event detected,user57
756,2020-10-14,Phishing,low,closed,Incident 756 - Security event detected,user31
757,2020-12-02,Data Breach,low,resolved,Incident 757 - Security event detected,user71
758,2024-05-10,Ransomware,medium,closed,Incident 758 - Security event detected,user78
759,2021-04-11,Phishing,low,open,Incident 759 - Security event detected,user28
760,2021-11-09,Malware,high,resolved,Incident 760 - Security event detected,user29
761,2024-04-06,Phishing,medium,open,Incident 761 - Security event detected,user36
762,2022-11-01,Social Engineering,high,resolved,Incident 762 - Security event detected,user10
763,2022-01-03,Social Engineering,high,closed,Incident 763 - Security event detected,user18
764,2022-02-10,DDoS,medium,resolved,Incident 764 - Security event detected,user45
765,2023-11-09,Social Engineering,low,open,Incident 765 - Security event detected,user27
766,2024-10-19,Data Breach,critical,closed,Incident 766 - Security event detected,user64
767,2023-11-25,Ransomware,high,resolved,Incident 767 - Security event detected,user52
768,2024-01-28,Phishing,high,resolved,Incident 768 - Security event detected,user96
769,2022-04-18,Data Breach,medium,open,Incident 769 - Security event detected,user100
770,2020-06-08,DDoS,low,in-progress,Incident 770 - Security event detected,user69
771,2024-06-13,Social Engineering,medium,closed,Incident 771 - Security event detected,user55
772,2023-09-25,Ransomware,low,open,Incident 772 - Security event detected,user2
773,2020-08-16,Phishing,medium,in-progress,Incident 773 - Security event detected,user27
774,2024-10-03,Data Breach,low,open,Incident 774 - Security event detected,user93
775,2024-10-16,SQL Injection,high,closed,Incident 775 - Security event detected,user83
776,2022-05-08,DDoS,medium,open,Incident 776 - Security event detected,user16
777,2023-01-04,Data Breach,critical,resolved,Incident 777 - Security event detected,user16
778,2023-08-17,Ransomware,high,open,Incident 778 - Security event detected,user31
779,2020-12-24,Social Engineering,high,in-progress,Incident 779 - Security event detected,user35
780,2024-01-22,Social Engineering,critical,resolved,Incident 780 - Security event detected,user72
781,2024-03-23,Phishing,medium,closed,Incident 781 - Security event detected,user4
782,2021-08-07,SQL Injection,high,open,Incident 782 - Security event detected,user69
783,2021-09-02,Social Engineering,medium,closed,Incident 783 - Security event detected,user88
784,2024-12-05,Data Breach,medium,open,Incident 784 - Security event detected,user2
785,2022-03-25,SQL Injection,high,closed,Incident 785 - Security event detected,user45
786,2023-08-02,Malware,high,open,Incident 786 - Security event detected,user44
787,2022-01-10,Social Engineering,low,in-progress,Incident 787 - Security event detected,user22
788,2023-06-16,SQL Injection,low,closed,Incident 788 - Security event detected,user98
789,2023-09-29,Ransomware,critical,in-progress,Incident 789 - Security event detected,user91
790,2024-05-18,Social Engineering,critical,resolved,Incident 790 - Security event detected,user73
791,2024-02-03,Data Breach,low,closed,Incident 791 - Security event detected,user69
792,2021-12-10,DDoS,high,closed,Incident 792 - Security event detected,user7
793,2022-12-22,Social Engineering,low,resolved,Incident 793 - Security event detected,user46
794,2020-06-13,SQL Injection,low,in-progress,Incident 794 - Security event detected,user52
795,2021-06-15,Social Engineering,critical,closed,Incident 795 - Security event detected,user1
796,2023-07-25,Phishing,low,open,Incident 796 - Security event detected,user78
797,2022-07-25,Malware,medium,closed,Incident 797 - Security event detected,user9
798,2024-04-06,Malware,high,in-progress,Incident 798 - Security event detected,user54
799,2020-08-30,Social Engineering,medium,in-progress,Incident 799 - Security event detected,user79
800,2023-07-13,Phishing,medium,closed,Incident 800 - Security event detected,user32
801,2024-10-02,DDoS,low,in-progress,Incident 801 - Security event detected,user81
802,2020-08-16,SQL Injection,medium,closed,Incident 802 - Security event detected,user62
803,2021-09-01,Ransomware,low,resolved,Incident 803 - Security event detected,user69
804,2023-06-15,Phishing,high,closed,Incident 804 - Security event detected,user8
805,2022-10-12,DDoS,medium,closed,Incident 805 - Security event detected,user25
806,2022-06-09,Phishing,high,open,Incident 806 - Security event detected,user51
807,2020-09-20,DDoS,low,resolved,Incident 807 - Security event detected,user88
808,2021-12-08,Social Engineering,low,in-progress,Incident 808 - Security event detected,user64
809,2024-10-01,Data Breach,critical,closed,Incident 809 - Security event detected,user69
810,2022-02-20,DDoS,high,resolved,Incident 810 - Security event detected,user43
811,2022-10-15,Phishing,medium,in-progress,Incident 811 - Security event detected,user31
812,2023-02-18,Malware,critical,open,Incident 812 - Security event detected,user48
813,2020-01-05,SQL Injection,medium,in-progress,Incident 813 - Security event detected,user84
814,2020-05-21,Phishing,medium,in-progress,Incident 814 - Security event detected,user87
815,2023-03-19,Malware,high,resolved,Incident 815 - Security event detected,user49
816,2022-12-01,Data Breach,high,open,Incident 816 - Security event detected,user41
817,2023-12-24,Phishing,high,resolved,Incident 817 - Security event detected,user54
818,2022-01-20,Malware,high,resolved,Incident 818 - Security event detected,user75
819,2022-04-06,Ransomware,medium,resolved,Incident 819 - Security event detected,user96
820,2024-11-22,Phishing,critical,resolved,Incident 820 - Security event detected,user78
821,2022-05-23,DDoS,high,closed,Incident 821 - Security event detected,user89
822,2022-12-02,Ransomware,critical,open,Incident 822 - Security event detected,user32
823,2024-03-31,Social Engineering,medium,closed,Incident 823 - Security event detected,user86
824,2021-11-14,Data Breach,low,closed,Incident 824 - Security event detected,user21
825,2022-05-17,Social Engineering,high,resolved,Incident 825 - Security event detected,user85
826,2023-07-17,DDoS,high,open,Incident 826 - Security event detected,user13
827,2020-05-30,Social Engineering,critical,closed,Incident 827 - Security event detected,user71
828,2021-01-31,SQL Injection,low,open,Incident 828 - Security event detected,user32
829,2024-09-22,DDoS,high,resolved,Incident 829 - Security event detected,user24
830,2024-02-11,Malware,critical,open,Incident 830 - Security event detected,user85
831,2023-06-10,Ransomware,critical,resolved,Incident 831 - Security event detected,user63
832,2024-04-20,Data Breach,critical,open,Incident 832 - Security event detected,user53
833,2024-02-15,Ransomware,medium,in-progress,Incident 833 - Security event detected,user17
834,2023-09-24,Ransomware,high,resolved,Incident 834 - Security event detected,user59
835,2022-06-01,Ransomware,medium,in-progress,Incident 835 - Security event detected,user22
836,2022-12-05,Ransomware,medium,open,Incident 836 - Security event detected,user99
837,2022-08-07,Social Engineering,critical,open,Incident 837 - Security event detected,user99
838,2023-07-31,Malware,medium,resolved,Incident 838 - Security event detected,user81
839,2024-07-09,DDoS,high,open,Incident 839 - Security event detected,user31
840,2023-01-27,Phishing,high,closed,Incident 840 - Security event detected,user86
841,2024-11-03,Ransomware,critical,resolved,Incident 841 - Security event detected,user43
842,2023-04-19,Ransomware,low,in-progress,Incident 842 - Security event detected,user60
843,2020-10-05,SQL Injection,medium,resolved,Incident 843 - Security event detected,user86
844,2020-01-02,Malware,low,resolved,Incident 844 - Security event detected,user60
845,2023-02-12,DDoS,medium,open,Incident 845 - Security event detected,user21
846,2021-04-19,Phishing,low,open,Incident 846 - Security event detected,user80
847,2021-08-09,Phishing,low,closed,Incident 847 - Security event detected,user79
848,2021-05-18,SQL Injection,low,open,Incident 848 - Security event detected,user10
849,2023-11-26,Malware,critical,in-progress,Incident 849 - Security event detected,user41
850,2022-01-23,Data Breach,high,resolved,Incident 850 - Security event detected,user71
851,2020-12-21,Malware,medium,resolved,Incident 851 - Security event detected,user34
852,2020-01-22,Phishing,medium,in-progress,Incident 852 - Security event detected,user75
853,2022-11-12,Ransomware,critical,open,Incident 853 - Security event detected,user30
854,2022-10-27,Data Breach,high,in-progress,Incident 854 - Security event detected,user69
855,2020-04-21,Social Engineering,medium,resolved,Incident 855 - Security event detected,user39
856,2024-09-09,Social Engineering,high,closed,Incident 856 - Security event detected,user44
857,2020-08-04,Data Breach,medium,closed,Incident 857 - Security event detected,user49
858,2021-04-20,Phishing,critical,open,Incident 858 - Security event detected,user76
859,2020-02-11,Ransomware,critical,closed,Incident 859 - Security event detected,user17
860,2021-02-22,Ransomware,high,closed,Incident 860 - Security event detected,user33
861,2023-10-02,Malware,critical,open,Incident 861 - Security event detected,user91
862,2022-07-16,Ransomware,high,in-progress,Incident 862 - Security event detected,user1
863,2021-11-13,DDoS,medium,resolved,Incident 863 - Security event detected,user33
864,2023-09-08,Phishing,medium,open,Incident 864 - Security event detected,user83
865,2021-08-11,Social Engineering,high,resolved,Incident 865 - Security event detected,user59
866,2021-03-10,SQL Injection,low,in-progress,Incident 866 - Security event detected,user21
867,2021-04-20,DDoS,medium,resolved,Incident 867 - Security event detected,user58
868,2022-06-07,Ransomware,medium,closed,Incident 868 - Security event detected,user82
869,2024-12-27,SQL Injection,low,resolved,Incident 869 - Security event detected,user73
870,2022-11-24,Malware,high,open,Incident 870 - Security event detected,user26
871,2024-04-30,Social Engineering,medium,open,Incident 871 - Security event detected,user29
872,2022-03-13,Ransomware,high,resolved,Incident 872 - Security event detected,user18
873,2023-10-10,Social Engineering,critical,open,Incident 873 - Security event detected,user23
874,2024-06-14,DDoS,medium,in-progress,Incident 874 - Security event detected,user63
875,2021-05-04,DDoS,low,open,Incident 875 - Security event detected,user74
876,2020-02-25,Phishing,critical,in-progress,Incident 876 - Security event detected,user26
877,2024-11-23,Ransomware,low,closed,Incident 877 - Security event detected,user20
878,2024-10-18,Ransomware,high,open,Incident 878 - Security event detected,user61
879,2024-02-21,DDoS,low,open,Incident 879 - Security event detected,user26
880,2023-04-18,Data Breach,medium,in-progress,Incident 880 - Security event detected,user24
881,2022-01-02,Malware,critical,in-progress,Incident 881 - Security event detected,user73
882,2024-05-08,Phishing,medium,closed,Incident 882 - Security event detected,user70
883,2021-05-31,DDoS,high,open,Incident 883 - Security event detected,user100
884,2023-05-31,Data Breach,low,open,Incident 884 - Security event detected,user25
885,2020-03-09,Social Engineering,medium,in-progress,Incident 885 - Security event detected,user89
886,2023-07-19,SQL Injection,critical,open,Incident 886 - Security event detected,user36
887,2024-02-29,Phishing,critical,open,Incident 887 - Security event detected,user21
888,2022-11-08,Social Engineering,critical,closed,Incident 888 - Security event detected,user62
889,2024-05-11,DDoS,high,in-progress,Incident 889 - Security event detected,user92
890,2021-01-22,Data Breach,high,closed,Incident 890 - Security event detected,user62
891,2022-09-14,DDoS,medium,closed,Incident 891 - Security event detected,user94
892,2020-03-14,DDoS,medium,resolved,Incident 892 - Security event detected,user34
893,2021-06-27,Malware,low,in-progress,Incident 893 - Security event detected,user76
894,2024-11-18,Data Breach,high,closed,Incident 894 - Security event detected,user55
895,2022-08-06,Phishing,critical,resolved,Incident 895 - Security event detected,user47
896,2022-01-14,Phishing,high,closed,Incident 896 - Security event detected,user12
897,2023-07-19,SQL Injection,high,closed,Incident 897 - Security event detected,user42
898,2023-03-26,DDoS,high,in-progress,Incident 898 - Security event detected,user72
899,2021-08-31,DDoS,low,resolved,Incident 899 - Security event detected,user95
900,2020-03-07,Ransomware,low,in-progress,Incident 900 - Security event detected,user18
901,2020-02-16,Phishing,critical,open,Incident 901 - Security event detected,user53
902,2024-11-02,SQL Injection,low,in-progress,Incident 902 - Security event detected,user68
903,2020-06-03,Ransomware,medium,open,Incident 903 - Security event detected,user42
904,2024-05-02,Malware,low,open,Incident 904 - Security event detected,user42
905,2022-12-07,Phishing,low,resolved,Incident 905 - Security event detected,user23
906,2023-10-30,Data Breach,critical,open,Incident 906 - Security event detected,user86
907,2023-01-25,SQL Injection,low,closed,Incident 907 - Security event detected,user99
908,2023-10-09,SQL Injection,medium,open,Incident 908 - Security event detected,user46
909,2021-07-24,Phishing,critical,open,Incident 909 - Security event detected,user59
910,2021-08-09,SQL Injection,high,open,Incident 910 - Security event detected,user12
911,2024-12-21,Phishing,critical,open,Incident 911 - Security event detected,user42
912,2020-01-07,DDoS,medium,closed,Incident 912 - Security event detected,user45
913,2021-12-07,Ransomware,high,open,Incident 913 - Security event detected,user74
914,2020-06-13,Social Engineering,high,closed,Incident 914 - Security event detected,user65
915,2022-01-02,Ransomware,low,open,Incident 915 - Security event detected,user57
916,2022-03-20,Data Breach,critical,in-progress,Incident 916 - Security event detected,user81
917,2024-06-30,Phishing,medium,resolved,Incident 917 - Security event detected,user56
918,2022-05-02,DDoS,low,closed,Incident 918 - Security event detected,user22
919,2024-09-04,Ransomware,medium,resolved,Incident 919 - Security event detected,user21
920,2023-04-23,Ransomware,high,open,Incident 920 - Security event detected,user51
921,2021-08-15,SQL Injection,critical,open,Incident 921 - Security event detected,user64
922,2022-08-16,Malware,critical,in-progress,Incident 922 - Security event detected,user6
923,2022-11-23,Ransomware,low,in-progress,Incident 923 - Security event detected,user86
924,2023-11-16,Social Engineering,low,closed,Incident 924 - Security event detected,user16
925,2020-02-24,Phishing,high,in-progress,Incident 925 - Security event detected,user90
926,2024-05-18,SQL Injection,low,resolved,Incident 926 - Security event detected,user17
927,2024-06-24,Ransomware,high,resolved,Incident 927 - Security event detected,user5
928,2020-11-05,Social Engineering,medium,resolved,Incident 928 - Security event detected,user18
929,2020-05-01,Phishing,critical,resolved,Incident 929 - Security event detected,user29
930,2023-04-15,SQL Injection,critical,resolved,Incident 930 - Security event detected,user84
931,2024-05-21,DDoS,high,resolved,Incident 931 - Security event detected,user30
932,2024-04-16,Malware,critical,open,Incident 932 - Security event detected,user15
933,2022-01-29,DDoS,low,resolved,Incident 933 - Security event detected,user18
934,2021-04-28,Ransomware,critical,resolved,Incident 934 - Security event detected,user63
935,2023-02-11,Social Engineering,critical,resolved,Incident 935 - Security event detected,user89
936,2023-10-04,Malware,medium,in-progress,Incident 936 - Security event detected,user97
937,2023-08-03,Ransomware,low,in-progress,Incident 937 - Security event detected,user40
938,2021-11-09,Ransomware,medium,resolved,Incident 938 - Security event detected,user36
939,2022-03-04,Malware,medium,in-progress,Incident 939 - Security event detected,user11
940,2020-05-21,SQL Injection,low,resolved,Incident 940 - Security event detected,user98
941,2024-05-23,DDoS,medium,open,Incident 941 - Security event detected,user50
942,2020-04-01,SQL Injection,critical,in-progress,Incident 942 - Security event detected,user80
943,2020-04-22,Malware,high,resolved,Incident 943 - Security event detected,user50
944,2023-09-16,Ransomware,low,open,Incident 944 - Security event detected,user51
945,2023-05-30,Malware,critical,closed,Incident 945 - Security event detected,user62
946,2021-11-27,SQL Injection,high,open,Incident 946 - Security event detected,user55
947,2024-07-29,Malware,critical,open,Incident 947 - Security event detected,user94
948,2020-09-06,Ransomware,critical,closed,Incident 948 - Security event detected,user48
949,2020-12-15,Data Breach,critical,closed,Incident 949 - Security event detected,user82
950,2022-10-03,Ransomware,low,resolved,Incident 950 - Security event detected,user5
951,2023-03-15,Social Engineering,low,open,Incident 951 - Security event detected,user96
952,2023-09-17,Ransomware,high,open,Incident 952 - Security event detected,user77
953,2022-04-30,Phishing,high,closed,Incident 953 - Security event detected,user89
954,2024-11-17,Data Breach,low,in-progress,Incident 954 - Security event detected,user14
955,2024-11-08,Malware,high,resolved,Incident 955 - Security event detected,user24
956,2022-04-11,DDoS,medium,closed,Incident 956 - Security event detected,user81
957,2024-10-18,Ransomware,medium,resolved,Incident 957 - Security event detected,user25
958,2021-12-04,Ransomware,high,closed,Incident 958 - Security event detected,user40
959,2022-07-03,Ransomware,medium,resolved,Incident 959 - Security event detected,user59
960,2023-08-19,Social Engineering,high,closed,Incident 960 - Security event detected,user3
961,2024-11-29,Data Breach,critical,resolved,Incident 961 - Security event detected,user81
962,2024-11-15,SQL Injection,medium,in-progress,Incident 962 - Security event detected,user6
963,2024-04-30,DDoS,high,in-progress,Incident 963 - Security event detected,user30
964,2021-01-30,Social Engineering,low,in-progress,Incident 964 - Security event detected,user84
965,2020-12-22,SQL Injection,critical,in-progress,Incident 965 - Security event detected,user57
966,2022-08-14,Malware,high,closed,Incident 966 - Security event detected,user47
967,2021-06-12,Malware,medium,closed,Incident 967 - Security event detected,user25
968,2024-11-23,Ransomware,critical,closed,Incident 968 - Security event detected,user72
969,2024-02-06,Social Engineering,medium,in-progress,Incident 969 - Security event detected,user74
970,2020-08-25,Social Engineering,critical,open,Incident 970 - Security event detected,user89
971,2022-01-30,SQL Injection,high,in-progress,Incident 971 - Security event detected,user69
972,2021-03-25,Ransomware,medium,open,Incident 972 - Security event detected,user30
973,2023-05-02,SQL Injection,medium,open,Incident 973 - Security event detected,user55
974,2023-05-16,Social Engineering,critical,closed,Incident 974 - Security event detected,user98
975,2020-08-15,Malware,high,closed,Incident 975 - Security event detected,user78
976,2024-03-28,Phishing,high,in-progress,Incident 976 - Security event detected,user97
977,2020-05-21,Ransomware,high,resolved,Incident 977 - Security event detected,user71
978,2024-09-02,SQL Injection,critical,open,Incident 978 - Security event detected,user91
979,2021-08-01,Data Breach,high,in-progress,Incident 979 - Security event detected,user94
980,2024-10-24,Data Breach,high,open,Incident 980 - Security event detected,user80
981,2024-12-09,Social Engineering,critical,closed,Incident 981 - Security event detected,user65
982,2023-09-10,Data Breach,critical,closed,Incident 982 - Security event detected,user98
983,2022-10-31,Ransomware,medium,open,Incident 983 - Security event detected,user76
984,2022-09-19,DDoS,medium,in-progress,Incident 984 - Security event detected,user74
985,2021-01-31,DDoS,medium,in-progress,Incident 985 - Security event detected,user13
986,2023-11-21,Data Breach,critical,in-progress,Incident 986 - Security event detected,user15
987,2021-07-10,Malware,critical,closed,Incident 987 - Security event detected,user57
988,2023-08-02,Malware,medium,closed,Incident 988 - Security event detected,user42
989,2020-12-01,Ransomware,critical,closed,Incident 989 - Security event detected,user73
990,2020-08-21,Social Engineering,high,resolved,Incident 990 - Security event detected,user32
991,2022-05-04,Social Engineering,critical,in-progress,Incident 991 - Security event detected,user34
992,2020-06-15,Social Engineering,low,resolved,Incident 992 - Security event detected,user46
993,2020-01-23,Malware,critical,in-progress,Incident 993 - Security event detected,user4
994,2021-07-19,Ransomware,low,open,Incident 994 - Security event detected,user68
995,2020-11-15,SQL Injection,medium,in-progress,Incident 995 - Security event detected,user25
996,2021-02-12,Social Engineering,medium,closed,Incident 996 - Security event detected,user27
997,2022-05-17,Ransomware,medium,open,Incident 997 - Security event detected,user38
998,2023-12-06,Social Engineering,low,resolved,Incident 998 - Security event detected,user88
999,2022-10-14,Ransomware,high,open,Incident 999 - Security event detected,user22
1000,2021-10-14,SQL Injection,low,closed,Incident 1000 - Security event detected,user8
